<mockup version="1.0" skin="sketch" measuredW="1528" measuredH="555" mockupW="1190" mockupH="513">
  <controls>
    <control controlID="0" controlTypeID="com.balsamiq.mockups::Canvas" x="328" y="32" w="1190" h="513" measuredW="100" measuredH="70" zOrder="0" locked="false" isInGroup="-1"/>
    <control controlID="1" controlTypeID="com.balsamiq.mockups::Canvas" x="328" y="32" w="1190" h="31" measuredW="100" measuredH="70" zOrder="1" locked="false" isInGroup="-1">
      <controlProperties>
        <color>545684</color>
      </controlProperties>
    </control>
    <control controlID="2" controlTypeID="com.balsamiq.mockups::Label" x="328" y="38" w="1190" h="25" measuredW="384" measuredH="25" zOrder="2" locked="false" isInGroup="-1">
      <controlProperties>
        <align>center</align>
        <color>16777215</color>
        <text>ASIGNACI%D3N%20DE%20ZONA%20A%20LUGAR%20DE%20RECONOCIMIENTO</text>
      </controlProperties>
    </control>
    <control controlID="3" controlTypeID="com.balsamiq.mockups::Label" x="355" y="81" w="148" h="25" measuredW="57" measuredH="25" zOrder="3" locked="false" isInGroup="-1">
      <controlProperties>
        <text>Aduana%3A</text>
      </controlProperties>
    </control>
    <control controlID="5" controlTypeID="com.balsamiq.mockups::ComboBox" x="503" y="80" w="265" h="-1" measuredW="190" measuredH="25" zOrder="4" locked="false" isInGroup="-1">
      <controlProperties>
        <state>disabled</state>
        <text>118%20-%20Mar%EDtima%20el%20Callao</text>
      </controlProperties>
    </control>
    <control controlID="6" controlTypeID="com.balsamiq.mockups::DataGrid" x="355" y="207" w="1136" h="151" measuredW="1117" measuredH="148" zOrder="10" locked="false" isInGroup="-1">
      <controlProperties>
        <text>RUC%2CC%F3d.%20local%20anexo%2CC%F3d.%20operador%2CNombre%2CRaz%F3n%20social%2CDirecci%F3n%2CC%F3d.%20UBIGEO%2CZona%0A20543083888%2C%2C3014%2CAPM%20Terminals%2CAPM%20Terminals%20Callao%20SA%2CAv.%20G.Chalaca%20S/N-Terminal%20mar%EDtimo%2C%2CZona%20Norte%201%0A20543083888%2C%2C3139%2CAlmac%E9n%20IT%2CAlmac%E9n%20IT%2CAv.%20G.Chalaca%20S/N-Int%20ENAPU%2C%2CZona%20Norte%201%0A20543083888%2C%2C5001%2CENAPU%2CEmpresa%20Nacional%20de%20Puertos%2CAv.%20G.Chalaca%20S/N-Terminal%20mar%EDtimo%2C%2CZona%20Norte%201%0A20543083888%2C%2C990%2CAlm%20Teniaduana%2CTLI%20Almacenes%20SAC%2CAv.%20G.Chalaca%20S/N-Bellavista%2C%2CZona%20Norte%201</text>
      </controlProperties>
    </control>
    <control controlID="7" controlTypeID="com.balsamiq.mockups::Button" x="930" y="486" w="-1" h="-1" measuredW="68" measuredH="28" zOrder="5" locked="false" isInGroup="-1">
      <controlProperties>
        <text>Grabar</text>
      </controlProperties>
    </control>
    <control controlID="8" controlTypeID="com.balsamiq.mockups::Label" x="355" y="107" w="148" h="25" measuredW="137" measuredH="25" zOrder="6" locked="false" isInGroup="-1">
      <controlProperties>
        <text>Unidad%20de%20despacho%3A</text>
      </controlProperties>
    </control>
    <control controlID="9" controlTypeID="com.balsamiq.mockups::ComboBox" x="503" y="106" w="265" h="-1" measuredW="235" measuredH="25" zOrder="7" locked="false" isInGroup="-1">
      <controlProperties>
        <text>Exportaci%F3n%20definitiva%20y%20temporal</text>
      </controlProperties>
    </control>
    <control controlID="26" controlTypeID="com.balsamiq.mockups::Button" x="848" y="486" w="-1" h="-1" measuredW="78" measuredH="28" zOrder="8" locked="false" isInGroup="-1">
      <controlProperties>
        <text>Cancelar</text>
      </controlProperties>
    </control>
    <control controlID="31" controlTypeID="com.balsamiq.mockups::Accordion" x="356" y="157" w="1135" h="305" measuredW="159" measuredH="226" zOrder="9" locked="false" isInGroup="-1">
      <controlProperties>
        <text>OPERADOR%20PORTUARIO%0ADEP%D3SITO%20TEMPORAL%0ASINI%0ALOCAL%20DEL%20EXPORTADOR</text>
      </controlProperties>
    </control>
    <control controlID="32" controlTypeID="com.balsamiq.mockups::ComboBox" x="1383" y="234" w="-1" h="-1" measuredW="104" measuredH="25" zOrder="11" locked="false" isInGroup="-1">
      <controlProperties>
        <text>Zona%20Norte</text>
      </controlProperties>
    </control>
    <control controlID="33" controlTypeID="com.balsamiq.mockups::ComboBox" x="1383" y="265" w="-1" h="-1" measuredW="104" measuredH="25" zOrder="12" locked="false" isInGroup="-1">
      <controlProperties>
        <text>Zona%20Norte</text>
      </controlProperties>
    </control>
    <control controlID="34" controlTypeID="com.balsamiq.mockups::ComboBox" x="1383" y="294" w="-1" h="-1" measuredW="104" measuredH="25" zOrder="13" locked="false" isInGroup="-1">
      <controlProperties>
        <text>Zona%20Norte</text>
      </controlProperties>
    </control>
    <control controlID="35" controlTypeID="com.balsamiq.mockups::ComboBox" x="1383" y="325" w="-1" h="-1" measuredW="104" measuredH="25" zOrder="14" locked="false" isInGroup="-1">
      <controlProperties>
        <text>Zona%20Norte</text>
      </controlProperties>
    </control>
  </controls>
</mockup>