<mockup version="1.0" skin="sketch" measuredW="1224" measuredH="920" mockupW="886" mockupH="878">
  <controls>
    <control controlID="0" controlTypeID="com.balsamiq.mockups::Canvas" x="328" y="32" w="886" h="878" measuredW="100" measuredH="70" zOrder="0" locked="false" isInGroup="-1"/>
    <control controlID="1" controlTypeID="com.balsamiq.mockups::Canvas" x="328" y="32" w="886" h="31" measuredW="100" measuredH="70" zOrder="1" locked="false" isInGroup="-1">
      <controlProperties>
        <color>545684</color>
      </controlProperties>
    </control>
    <control controlID="2" controlTypeID="com.balsamiq.mockups::Label" x="328" y="38" w="886" h="25" measuredW="293" measuredH="25" zOrder="2" locked="false" isInGroup="-1">
      <controlProperties>
        <align>center</align>
        <color>16777215</color>
        <text>ASIGNACI%D3N%20DE%20FUNCIONARIOS%20A%20ZONA</text>
      </controlProperties>
    </control>
    <control controlID="3" controlTypeID="com.balsamiq.mockups::Label" x="355" y="71" w="148" h="25" measuredW="57" measuredH="25" zOrder="3" locked="false" isInGroup="-1">
      <controlProperties>
        <text>Aduana%3A</text>
      </controlProperties>
    </control>
    <control controlID="4" controlTypeID="com.balsamiq.mockups::FieldSet" x="355" y="215" w="832" h="200" measuredW="200" measuredH="170" zOrder="4" locked="false" isInGroup="-1">
      <controlProperties>
        <text>Funcionarios%20disponibles</text>
      </controlProperties>
    </control>
    <control controlID="5" controlTypeID="com.balsamiq.mockups::ComboBox" x="503" y="70" w="265" h="-1" measuredW="190" measuredH="25" zOrder="5" locked="false" isInGroup="-1">
      <controlProperties>
        <state>disabled</state>
        <text>118%20-%20Mar%EDtima%20el%20Callao</text>
      </controlProperties>
    </control>
    <control controlID="6" controlTypeID="com.balsamiq.mockups::DataGrid" x="370" y="242" w="802" h="151" measuredW="618" measuredH="148" zOrder="6" locked="false" isInGroup="-1">
      <controlProperties>
        <text>Registro%2CApellido%20Paterno%2CApellido%20Materno%2CNombres%2CDesde%2CHasta%0AQS08%2CTineo%2CSantamaria%2CRonald%20Herliss%2C01/09/2018%2C30/09/2018%0AQU89%2CAlberti%2CNegron%2CLisney%20Magali%2C01/09/2018%2C30/09/2018%0ANI28%2CLazaro%2CRamos%2CGerardo%20David%2C01/09/2018%2C30/09/2018%0AAI97%2CVivar%2CRodriguez%2CYeisson%20Kevin%2C01/09/2018%2C30/09/2018</text>
      </controlProperties>
    </control>
    <control controlID="8" controlTypeID="com.balsamiq.mockups::Label" x="355" y="97" w="148" h="25" measuredW="137" measuredH="25" zOrder="7" locked="false" isInGroup="-1">
      <controlProperties>
        <state>up</state>
        <text>Unidad%20de%20despacho%3A</text>
      </controlProperties>
    </control>
    <control controlID="9" controlTypeID="com.balsamiq.mockups::ComboBox" x="503" y="96" w="265" h="-1" measuredW="265" measuredH="25" zOrder="8" locked="false" isInGroup="-1">
      <controlProperties>
        <state>disabled</state>
        <text>1%20-%20Exportaci%F3n%20definitiva%20y%20temporal</text>
      </controlProperties>
    </control>
    <control controlID="10" controlTypeID="com.balsamiq.mockups::Label" x="355" y="123" w="148" h="25" measuredW="46" measuredH="25" zOrder="9" locked="false" isInGroup="-1">
      <controlProperties>
        <state>up</state>
        <text>Turno%3A</text>
      </controlProperties>
    </control>
    <control controlID="11" controlTypeID="com.balsamiq.mockups::ComboBox" x="503" y="122" w="265" h="-1" measuredW="222" measuredH="25" zOrder="10" locked="false" isInGroup="-1">
      <controlProperties>
        <state>disabled</state>
        <text>Turno%20ma%F1ana%20-%2008%3A00%20%2013%3A59</text>
      </controlProperties>
    </control>
    <control controlID="14" controlTypeID="com.balsamiq.mockups::Label" x="355" y="151" w="148" h="25" measuredW="102" measuredH="25" zOrder="11" locked="false" isInGroup="-1">
      <controlProperties>
        <text>Vigente%20desde%3A</text>
      </controlProperties>
    </control>
    <control controlID="15" controlTypeID="com.balsamiq.mockups::DateChooser" x="503" y="150" w="142" h="-1" measuredW="150" measuredH="29" zOrder="12" locked="false" isInGroup="-1">
      <controlProperties>
        <text>01/09/2018%20%20%20%20</text>
      </controlProperties>
    </control>
    <control controlID="16" controlTypeID="com.balsamiq.mockups::Label" x="768" y="149" w="148" h="25" measuredW="98" measuredH="25" zOrder="13" locked="false" isInGroup="-1">
      <controlProperties>
        <text>Vigente%20hasta%3A</text>
      </controlProperties>
    </control>
    <control controlID="17" controlTypeID="com.balsamiq.mockups::DateChooser" x="916" y="148" w="142" h="-1" measuredW="148" measuredH="29" zOrder="14" locked="false" isInGroup="-1">
      <controlProperties>
        <text>30/09/2018%20%20%20%20</text>
      </controlProperties>
    </control>
    <control controlID="26" controlTypeID="com.balsamiq.mockups::Button" x="695" y="610" w="71" h="28" measuredW="71" measuredH="28" zOrder="15" locked="false" isInGroup="-1">
      <controlProperties>
        <text>Asignar</text>
      </controlProperties>
    </control>
    <control controlID="31" controlTypeID="com.balsamiq.mockups::Label" x="355" y="174" w="148" h="25" measuredW="123" measuredH="25" zOrder="16" locked="false" isInGroup="-1">
      <controlProperties>
        <text>Tipo%20de%20asignaci%F3n%3A</text>
      </controlProperties>
    </control>
    <control controlID="32" controlTypeID="com.balsamiq.mockups::RadioButton" x="503" y="175" w="-1" h="-1" measuredW="167" measuredH="22" zOrder="17" locked="false" isInGroup="-1">
      <controlProperties>
        <state>selected</state>
        <text>Aleatoria%20sin%20repetici%F3n</text>
      </controlProperties>
    </control>
    <control controlID="33" controlTypeID="com.balsamiq.mockups::RadioButton" x="679" y="175" w="-1" h="-1" measuredW="171" measuredH="22" zOrder="18" locked="false" isInGroup="-1">
      <controlProperties>
        <text>Aleatoria%20con%20repetici%F3n</text>
      </controlProperties>
    </control>
    <control controlID="34" controlTypeID="com.balsamiq.mockups::RadioButton" x="865" y="175" w="-1" h="-1" measuredW="65" measuredH="22" zOrder="19" locked="false" isInGroup="-1">
      <controlProperties>
        <text>Manual</text>
      </controlProperties>
    </control>
    <control controlID="35" controlTypeID="com.balsamiq.mockups::FieldSet" x="355" y="650" w="832" h="200" measuredW="200" measuredH="170" zOrder="20" locked="false" isInGroup="-1">
      <controlProperties>
        <text>Funcionarios%20asignados</text>
      </controlProperties>
    </control>
    <control controlID="36" controlTypeID="com.balsamiq.mockups::DataGrid" x="370" y="677" w="802" h="151" measuredW="449" measuredH="148" zOrder="21" locked="false" isInGroup="-1">
      <controlProperties>
        <text>Zona%2CCantidad%2CFuncionario%0AZona%20Norte%2C2%2CQS08%20-%20Tineo%20Santamaria%20Ronald%20Herliss%0A%2C%2CQU89%20-%20Alberti%20Negron%20Lisney%20Magali%0AZona%20Sur%2C1%2CNI28%20-%20Lazaro%20Ramos%20Gerardo%20David%0AZona%20Centro%2C1%2CAI97%20-%20Vivar%20Rodriguez%20Yeisson%20Kevin</text>
      </controlProperties>
    </control>
    <control controlID="41" controlTypeID="com.balsamiq.mockups::FieldSet" x="355" y="415" w="832" h="180" measuredW="200" measuredH="170" zOrder="22" locked="false" isInGroup="-1">
      <controlProperties>
        <text>Zonas%20disponibles</text>
      </controlProperties>
    </control>
    <control controlID="42" controlTypeID="com.balsamiq.mockups::DataGrid" x="370" y="442" w="802" h="126" measuredW="170" measuredH="118" zOrder="23" locked="false" isInGroup="-1">
      <controlProperties>
        <text>Zona%2CCantidad%0AZona%20Norte%2C%0AZona%20Sur%2C%0AZona%20Centro%2C</text>
      </controlProperties>
    </control>
    <control controlID="43" controlTypeID="com.balsamiq.mockups::TextInput" x="792" y="467" w="124" h="-1" measuredW="21" measuredH="29" zOrder="24" locked="false" isInGroup="-1">
      <controlProperties>
        <align>right</align>
        <text>2</text>
      </controlProperties>
    </control>
    <control controlID="44" controlTypeID="com.balsamiq.mockups::TextInput" x="792" y="500" w="124" h="-1" measuredW="21" measuredH="29" zOrder="25" locked="false" isInGroup="-1">
      <controlProperties>
        <align>right</align>
        <text>1</text>
      </controlProperties>
    </control>
    <control controlID="45" controlTypeID="com.balsamiq.mockups::TextInput" x="792" y="531" w="124" h="-1" measuredW="21" measuredH="29" zOrder="26" locked="false" isInGroup="-1">
      <controlProperties>
        <align>right</align>
        <text>1</text>
      </controlProperties>
    </control>
    <control controlID="46" controlTypeID="com.balsamiq.mockups::Button" x="766" y="610" w="67" h="28" measuredW="67" measuredH="28" zOrder="27" locked="false" isInGroup="-1">
      <controlProperties>
        <text>Limpiar</text>
      </controlProperties>
    </control>
    <control controlID="47" controlTypeID="com.balsamiq.mockups::Button" x="695" y="861" w="71" h="28" measuredW="79" measuredH="28" zOrder="28" locked="false" isInGroup="-1">
      <controlProperties>
        <text>Cencelar</text>
      </controlProperties>
    </control>
    <control controlID="48" controlTypeID="com.balsamiq.mockups::Button" x="766" y="861" w="67" h="28" measuredW="68" measuredH="28" zOrder="29" locked="false" isInGroup="-1">
      <controlProperties>
        <text>Grabar</text>
      </controlProperties>
    </control>
  </controls>
</mockup>