<mockup version="1.0" skin="sketch" measuredW="1100" measuredH="465" mockupW="756" mockupH="369">
  <controls>
    <control controlID="0" controlTypeID="com.balsamiq.mockups::Canvas" x="334" y="86" w="756" h="369" measuredW="100" measuredH="70" zOrder="0" locked="false" isInGroup="-1"/>
    <control controlID="1" controlTypeID="com.balsamiq.mockups::Canvas" x="334" y="86" w="756" h="31" measuredW="100" measuredH="70" zOrder="1" locked="false" isInGroup="-1">
      <controlProperties>
        <color>545684</color>
      </controlProperties>
    </control>
    <control controlID="2" controlTypeID="com.balsamiq.mockups::Label" x="334" y="92" w="756" h="25" measuredW="262" measuredH="25" zOrder="2" locked="false" isInGroup="-1">
      <controlProperties>
        <align>center</align>
        <color>16777215</color>
        <text>FUNCIONARIOS%20ASIGNADOS%20A%20ZONA</text>
      </controlProperties>
    </control>
    <control controlID="6" controlTypeID="com.balsamiq.mockups::Button" x="679" y="412" w="-1" h="-1" measuredW="66" measuredH="28" zOrder="3" locked="false" isInGroup="-1">
      <controlProperties>
        <text>Cerrar</text>
      </controlProperties>
    </control>
    <control controlID="7" controlTypeID="com.balsamiq.mockups::Label" x="361" y="131" w="148" h="25" measuredW="57" measuredH="25" zOrder="4" locked="false" isInGroup="-1">
      <controlProperties>
        <text>Aduana%3A</text>
      </controlProperties>
    </control>
    <control controlID="8" controlTypeID="com.balsamiq.mockups::ComboBox" x="509" y="130" w="265" h="-1" measuredW="190" measuredH="25" zOrder="5" locked="false" isInGroup="-1">
      <controlProperties>
        <state>disabled</state>
        <text>118%20-%20Mar%EDtima%20el%20Callao</text>
      </controlProperties>
    </control>
    <control controlID="9" controlTypeID="com.balsamiq.mockups::Label" x="361" y="156" w="148" h="25" measuredW="137" measuredH="25" zOrder="6" locked="false" isInGroup="-1">
      <controlProperties>
        <text>Unidad%20de%20despacho%3A</text>
      </controlProperties>
    </control>
    <control controlID="10" controlTypeID="com.balsamiq.mockups::ComboBox" x="509" y="155" w="265" h="-1" measuredW="265" measuredH="25" zOrder="7" locked="false" isInGroup="-1">
      <controlProperties>
        <state>disabled</state>
        <text>1%20-%20Exportaci%F3n%20definitiva%20y%20temporal</text>
      </controlProperties>
    </control>
    <control controlID="11" controlTypeID="com.balsamiq.mockups::Label" x="361" y="182" w="148" h="25" measuredW="46" measuredH="25" zOrder="8" locked="false" isInGroup="-1">
      <controlProperties>
        <text>Turno%3A</text>
      </controlProperties>
    </control>
    <control controlID="12" controlTypeID="com.balsamiq.mockups::ComboBox" x="509" y="181" w="265" h="-1" measuredW="217" measuredH="25" zOrder="9" locked="false" isInGroup="-1">
      <controlProperties>
        <state>disabled</state>
        <text>Turno%20ma%F1ana%2008%3A00%20-%2012%3A00</text>
      </controlProperties>
    </control>
    <control controlID="13" controlTypeID="com.balsamiq.mockups::Label" x="361" y="210" w="148" h="25" measuredW="102" measuredH="25" zOrder="10" locked="false" isInGroup="-1">
      <controlProperties>
        <text>Vigente%20desde%3A</text>
      </controlProperties>
    </control>
    <control controlID="14" controlTypeID="com.balsamiq.mockups::DateChooser" x="509" y="209" w="142" h="-1" measuredW="150" measuredH="29" zOrder="11" locked="false" isInGroup="-1">
      <controlProperties>
        <state>disabled</state>
        <text>01/09/2018%20%20%20%20</text>
      </controlProperties>
    </control>
    <control controlID="15" controlTypeID="com.balsamiq.mockups::Label" x="774" y="208" w="148" h="25" measuredW="98" measuredH="25" zOrder="12" locked="false" isInGroup="-1">
      <controlProperties>
        <text>Vigente%20hasta%3A</text>
      </controlProperties>
    </control>
    <control controlID="16" controlTypeID="com.balsamiq.mockups::DateChooser" x="922" y="207" w="142" h="-1" measuredW="148" measuredH="29" zOrder="13" locked="false" isInGroup="-1">
      <controlProperties>
        <state>disabled</state>
        <text>30/09/2018%20%20%20%20</text>
      </controlProperties>
    </control>
    <control controlID="17" controlTypeID="com.balsamiq.mockups::DataGrid" x="361" y="250" w="703" h="151" measuredW="449" measuredH="148" zOrder="14" locked="false" isInGroup="-1">
      <controlProperties>
        <text>Zona%2CCantidad%2CFuncionario%0AZona%20Norte%2C2%2CQS08%20-%20Tineo%20Santamaria%20Ronald%20Herliss%0A%2C%2CQU89%20-%20Alberti%20Negron%20Lisney%20Magali%0AZona%20Sur%2C1%2CNI28%20-%20Lazaro%20Ramos%20Gerardo%20David%0AZona%20Centro%2C1%2CAI97%20-%20Vivar%20Rodriguez%20Yeisson%20Kevin</text>
      </controlProperties>
    </control>
  </controls>
</mockup>