<mockup version="1.0" skin="sketch" measuredW="1348" measuredH="336" mockupW="1010" mockupH="294">
  <controls>
    <control controlID="0" controlTypeID="com.balsamiq.mockups::Canvas" x="328" y="32" w="1010" h="294" measuredW="100" measuredH="70" zOrder="0" locked="false" isInGroup="-1"/>
    <control controlID="1" controlTypeID="com.balsamiq.mockups::Canvas" x="328" y="32" w="1010" h="31" measuredW="100" measuredH="70" zOrder="1" locked="false" isInGroup="-1">
      <controlProperties>
        <color>545684</color>
      </controlProperties>
    </control>
    <control controlID="2" controlTypeID="com.balsamiq.mockups::Label" x="328" y="38" w="1010" h="25" measuredW="178" measuredH="25" zOrder="2" locked="false" isInGroup="-1">
      <controlProperties>
        <align>center</align>
        <color>16777215</color>
        <text>UNIDADES%20DE%20DESPACHO</text>
      </controlProperties>
    </control>
    <control controlID="3" controlTypeID="com.balsamiq.mockups::Label" x="355" y="77" w="148" h="25" measuredW="57" measuredH="25" zOrder="3" locked="false" isInGroup="-1">
      <controlProperties>
        <text>Aduana%3A</text>
      </controlProperties>
    </control>
    <control controlID="4" controlTypeID="com.balsamiq.mockups::ComboBox" x="503" y="76" w="196" h="-1" measuredW="190" measuredH="25" zOrder="4" locked="false" isInGroup="-1">
      <controlProperties>
        <state>disabled</state>
        <text>118%20-%20Mar%EDtima%20el%20Callao</text>
      </controlProperties>
    </control>
    <control controlID="5" controlTypeID="com.balsamiq.mockups::DataGrid" x="355" y="177" w="956" h="118" measuredW="953" measuredH="118" zOrder="5" locked="false" isInGroup="-1">
      <controlProperties>
        <text>N%FAmero%2CDescripci%F3n%2CReg%EDmenes%2CSorteo%20por%20zona%2CTipos%20de%20almac%E9n%2CDesde%2CHasta%0A%5B1%5D%2CExportaci%F3n%20definitiva%2C40%2CS%ED%2CSINI%20%20Operador%20Portuario%20Local%20del%20Exportador%2C01/01/2018%2C31/12/9999%0A2%2CReg%EDmenes%20temporales%2C51-52%2CNo%2COperador%20Portuario%2C01/01/2017%2C31/12/2017%0A%5B3%5D%2CTransbordo%20y%20reembarque%2C70-71%2CNo%2COperador%20Portuario%2C01/02/2018%2C31/12/9999</text>
      </controlProperties>
    </control>
    <control controlID="6" controlTypeID="com.balsamiq.mockups::Button" x="773" y="134" w="-1" h="-1" measuredW="119" measuredH="28" zOrder="6" locked="false" isInGroup="-1">
      <controlProperties>
        <text>Agregar%20unidad</text>
      </controlProperties>
    </control>
    <control controlID="7" controlTypeID="com.balsamiq.mockups::Label" x="355" y="102" w="148" h="25" measuredW="53" measuredH="25" zOrder="7" locked="false" isInGroup="-1">
      <controlProperties>
        <text>Estado%3A</text>
      </controlProperties>
    </control>
    <control controlID="8" controlTypeID="com.balsamiq.mockups::ComboBox" x="503" y="101" w="196" h="-1" measuredW="80" measuredH="25" zOrder="8" locked="false" isInGroup="-1">
      <controlProperties>
        <text>Vigente</text>
      </controlProperties>
    </control>
  </controls>
</mockup>