<mockup version="1.0" skin="sketch" measuredW="1230" measuredH="450" mockupW="886" mockupH="354">
  <controls>
    <control controlID="25" controlTypeID="com.balsamiq.mockups::Canvas" x="334" y="86" w="886" h="354" measuredW="100" measuredH="70" zOrder="0" locked="false" isInGroup="-1"/>
    <control controlID="26" controlTypeID="com.balsamiq.mockups::Canvas" x="334" y="86" w="886" h="31" measuredW="100" measuredH="70" zOrder="1" locked="false" isInGroup="-1">
      <controlProperties>
        <color>545684</color>
      </controlProperties>
    </control>
    <control controlID="27" controlTypeID="com.balsamiq.mockups::Label" x="334" y="92" w="886" h="25" measuredW="302" measuredH="25" zOrder="2" locked="false" isInGroup="-1">
      <controlProperties>
        <align>center</align>
        <color>16777215</color>
        <text>ASIGNACI%D3N%20DE%20FUNCIONARIOS%20A%20ZONAS</text>
      </controlProperties>
    </control>
    <control controlID="28" controlTypeID="com.balsamiq.mockups::Label" x="361" y="131" w="148" h="25" measuredW="57" measuredH="25" zOrder="3" locked="false" isInGroup="-1">
      <controlProperties>
        <text>Aduana%3A</text>
      </controlProperties>
    </control>
    <control controlID="29" controlTypeID="com.balsamiq.mockups::ComboBox" x="509" y="130" w="265" h="-1" measuredW="190" measuredH="25" zOrder="4" locked="false" isInGroup="-1">
      <controlProperties>
        <state>disabled</state>
        <text>118%20-%20Mar%EDtima%20el%20Callao</text>
      </controlProperties>
    </control>
    <control controlID="30" controlTypeID="com.balsamiq.mockups::DataGrid" x="361" y="287" w="832" h="118" measuredW="410" measuredH="118" zOrder="5" locked="false" isInGroup="-1">
      <controlProperties>
        <text>Zonas%2CFuncionarios%2CFecha%20inicio%2CFecha%20fin%2CEliminar%0A%5B4%5D%2C%5B5%5D%2C01/01/2018%2C31/12/9999%2C%0A%5B3%5D%2C%5B6%5D%2C01/01/2017%2C31/12/2017%2C%0A%5B3%5D%2C%5B5%5D%2C01/02/2018%2C31/12/9999%2C</text>
      </controlProperties>
    </control>
    <control controlID="31" controlTypeID="com.balsamiq.mockups::Button" x="721" y="250" w="-1" h="-1" measuredW="112" measuredH="28" zOrder="6" locked="false" isInGroup="-1">
      <controlProperties>
        <text>Agregar%20turno</text>
      </controlProperties>
    </control>
    <control controlID="32" controlTypeID="com.balsamiq.mockups::Label" x="361" y="156" w="148" h="25" measuredW="137" measuredH="25" zOrder="7" locked="false" isInGroup="-1">
      <controlProperties>
        <text>Unidad%20de%20despacho%3A</text>
      </controlProperties>
    </control>
    <control controlID="33" controlTypeID="com.balsamiq.mockups::ComboBox" x="509" y="155" w="265" h="-1" measuredW="265" measuredH="25" zOrder="8" locked="false" isInGroup="-1">
      <controlProperties>
        <text>1%20-%20Exportaci%F3n%20definitiva%20y%20temporal</text>
      </controlProperties>
    </control>
    <control controlID="34" controlTypeID="com.balsamiq.mockups::Label" x="361" y="182" w="148" h="25" measuredW="46" measuredH="25" zOrder="9" locked="false" isInGroup="-1">
      <controlProperties>
        <text>Turno%3A</text>
      </controlProperties>
    </control>
    <control controlID="35" controlTypeID="com.balsamiq.mockups::ComboBox" x="509" y="181" w="265" h="-1" measuredW="217" measuredH="25" zOrder="10" locked="false" isInGroup="-1">
      <controlProperties>
        <text>Turno%20ma%F1ana%2008%3A00%20-%2012%3A00</text>
      </controlProperties>
    </control>
    <control controlID="36" controlTypeID="com.balsamiq.mockups::Label" x="361" y="210" w="148" h="25" measuredW="102" measuredH="25" zOrder="11" locked="false" isInGroup="-1">
      <controlProperties>
        <text>Vigente%20desde%3A</text>
      </controlProperties>
    </control>
    <control controlID="37" controlTypeID="com.balsamiq.mockups::DateChooser" x="509" y="209" w="142" h="-1" measuredW="150" measuredH="29" zOrder="12" locked="false" isInGroup="-1">
      <controlProperties>
        <text>01/09/2018%20%20%20%20</text>
      </controlProperties>
    </control>
    <control controlID="38" controlTypeID="com.balsamiq.mockups::Label" x="774" y="208" w="148" h="25" measuredW="98" measuredH="25" zOrder="13" locked="false" isInGroup="-1">
      <controlProperties>
        <text>Vigente%20hasta%3A</text>
      </controlProperties>
    </control>
    <control controlID="39" controlTypeID="com.balsamiq.mockups::DateChooser" x="922" y="207" w="142" h="-1" measuredW="148" measuredH="29" zOrder="14" locked="false" isInGroup="-1">
      <controlProperties>
        <text>30/09/2018%20%20%20%20</text>
      </controlProperties>
    </control>
    <control controlID="41" controlTypeID="com.balsamiq.mockups::Icon" x="1087" y="317" w="-1" h="-1" measuredW="16" measuredH="16" zOrder="15" locked="false" isInGroup="-1">
      <controlProperties>
        <icon>TrashIcon%7Cxsmall</icon>
      </controlProperties>
    </control>
    <control controlID="42" controlTypeID="com.balsamiq.mockups::Icon" x="1088" y="348" w="-1" h="-1" measuredW="16" measuredH="16" zOrder="16" locked="false" isInGroup="-1">
      <controlProperties>
        <icon>TrashIcon%7Cxsmall</icon>
      </controlProperties>
    </control>
    <control controlID="43" controlTypeID="com.balsamiq.mockups::Icon" x="1088" y="379" w="-1" h="-1" measuredW="16" measuredH="16" zOrder="17" locked="false" isInGroup="-1">
      <controlProperties>
        <icon>TrashIcon%7Cxsmall</icon>
      </controlProperties>
    </control>
  </controls>
</mockup>