<mockup version="1.0" skin="sketch" measuredW="1263" measuredH="342" mockupW="925" mockupH="300">
  <controls>
    <control controlID="0" controlTypeID="com.balsamiq.mockups::Canvas" x="328" y="32" w="925" h="300" measuredW="100" measuredH="70" zOrder="0" locked="false" isInGroup="-1"/>
    <control controlID="1" controlTypeID="com.balsamiq.mockups::Canvas" x="328" y="32" w="925" h="31" measuredW="100" measuredH="70" zOrder="1" locked="false" isInGroup="-1">
      <controlProperties>
        <color>545684</color>
      </controlProperties>
    </control>
    <control controlID="2" controlTypeID="com.balsamiq.mockups::Label" x="328" y="38" w="924" h="25" measuredW="273" measuredH="25" zOrder="2" locked="false" isInGroup="-1">
      <controlProperties>
        <align>center</align>
        <color>16777215</color>
        <text>TURNOS%20DE%20RECONOCIMIENTO%20F%CDSICO</text>
      </controlProperties>
    </control>
    <control controlID="3" controlTypeID="com.balsamiq.mockups::Label" x="355" y="77" w="148" h="25" measuredW="57" measuredH="25" zOrder="3" locked="false" isInGroup="-1">
      <controlProperties>
        <text>Aduana%3A</text>
      </controlProperties>
    </control>
    <control controlID="4" controlTypeID="com.balsamiq.mockups::ComboBox" x="503" y="76" w="265" h="-1" measuredW="190" measuredH="25" zOrder="4" locked="false" isInGroup="-1">
      <controlProperties>
        <state>disabled</state>
        <text>118%20-%20Mar%EDtima%20el%20Callao</text>
      </controlProperties>
    </control>
    <control controlID="5" controlTypeID="com.balsamiq.mockups::DataGrid" x="355" y="199" w="870" h="118" measuredW="870" measuredH="118" zOrder="5" locked="false" isInGroup="-1">
      <controlProperties>
        <text>N%FAmero%2CNombre%2CH.%20Desde%2CH.%20Hasta%2CH.%20Corte%2CTipo%20horario%2CZonas%2CF.%20Desde%2CF.%20Hasta%0A%5B1%5D%2CTurno%20ma%F1ana%2C08%3A00%2C11%3A59%2C11%3A50%2CIntervalo%2CZona%20norte%20Zona%20sur%2C01/01/2018%2C31/12/9999%0A2%2CTurno%20tarde%201%2C12%3A00%2C16%3A59%2C16%3A55%2CIntervalo%2CZona%20centro%2C01/01/2017%2C31/12/2017%0A%5B3%5D%2CTurno%20tarde%202%2C17%3A00%2C22%3A59%2C22%3A55%2CHorarios%20fijos%2CZona%20este%20Zona%20centro%2C01/02/2018%2C31/12/9999</text>
      </controlProperties>
    </control>
    <control controlID="6" controlTypeID="com.balsamiq.mockups::Button" x="734" y="156" w="-1" h="-1" measuredW="112" measuredH="28" zOrder="6" locked="false" isInGroup="-1">
      <controlProperties>
        <text>Agregar%20turno</text>
      </controlProperties>
    </control>
    <control controlID="7" controlTypeID="com.balsamiq.mockups::Label" x="355" y="102" w="148" h="25" measuredW="137" measuredH="25" zOrder="7" locked="false" isInGroup="-1">
      <controlProperties>
        <text>Unidad%20de%20despacho%3A</text>
      </controlProperties>
    </control>
    <control controlID="8" controlTypeID="com.balsamiq.mockups::ComboBox" x="503" y="101" w="265" h="-1" measuredW="235" measuredH="25" zOrder="8" locked="false" isInGroup="-1">
      <controlProperties>
        <text>Exportaci%F3n%20definitiva%20y%20temporal</text>
      </controlProperties>
    </control>
    <control controlID="9" controlTypeID="com.balsamiq.mockups::Label" x="355" y="128" w="148" h="25" measuredW="53" measuredH="25" zOrder="9" locked="false" isInGroup="-1">
      <controlProperties>
        <text>Estado%3A</text>
      </controlProperties>
    </control>
    <control controlID="10" controlTypeID="com.balsamiq.mockups::ComboBox" x="503" y="127" w="265" h="-1" measuredW="80" measuredH="25" zOrder="10" locked="false" isInGroup="-1">
      <controlProperties>
        <text>Vigente</text>
      </controlProperties>
    </control>
  </controls>
</mockup>