<mockup version="1.0" skin="sketch" measuredW="1406" measuredH="342" mockupW="1068" mockupH="300">
  <controls>
    <control controlID="0" controlTypeID="com.balsamiq.mockups::Canvas" x="328" y="32" w="1068" h="300" measuredW="100" measuredH="70" zOrder="0" locked="false" isInGroup="-1"/>
    <control controlID="1" controlTypeID="com.balsamiq.mockups::Canvas" x="328" y="32" w="1068" h="31" measuredW="100" measuredH="70" zOrder="1" locked="false" isInGroup="-1">
      <controlProperties>
        <color>545684</color>
      </controlProperties>
    </control>
    <control controlID="2" controlTypeID="com.balsamiq.mockups::Label" x="328" y="38" w="1068" h="25" measuredW="265" measuredH="25" zOrder="2" locked="false" isInGroup="-1">
      <controlProperties>
        <align>center</align>
        <color>16777215</color>
        <text>ZONAS%20DE%20RECONOCIMIENTO%20F%CDSICO</text>
      </controlProperties>
    </control>
    <control controlID="3" controlTypeID="com.balsamiq.mockups::Label" x="355" y="77" w="148" h="25" measuredW="57" measuredH="25" zOrder="3" locked="false" isInGroup="-1">
      <controlProperties>
        <text>Aduana%3A</text>
      </controlProperties>
    </control>
    <control controlID="4" controlTypeID="com.balsamiq.mockups::ComboBox" x="503" y="76" w="265" h="-1" measuredW="190" measuredH="25" zOrder="4" locked="false" isInGroup="-1">
      <controlProperties>
        <state>disabled</state>
        <text>118%20-%20Mar%EDtima%20el%20Callao</text>
      </controlProperties>
    </control>
    <control controlID="5" controlTypeID="com.balsamiq.mockups::DataGrid" x="355" y="199" w="1014" h="118" measuredW="1018" measuredH="118" zOrder="5" locked="false" isInGroup="-1">
      <controlProperties>
        <text>N%FAmero%2CNombre%2CDescripci%F3n%2CSusceptible%20para%20local%20del%20exportador%2CDesde%2CHasta%0A%5B1%5D%2CZona%20Norte%2CAnc%F3n-Puente%20Piedra-Los%20Olivos-Ventanilla%2CS%ED%2C01/01/2018%2C31/12/9999%0A2%2CZona%20Sur%2CSan%20Juan%20de%20Miraflores-Villa%20Mar%EDa%20del%20Triunfo-Chorrillos%2CNo%2C01/01/2017%2C31/12/2017%0A%5B3%5D%2CZona%20Centro%2CCercado%20de%20Lima-San%20Martin%20de%20Porres-Jes%FAs%20Mar%EDa-El%20R%EDmac%2CS%ED%2C01/02/2018%2C31/12/9999</text>
      </controlProperties>
    </control>
    <control controlID="6" controlTypeID="com.balsamiq.mockups::Button" x="802" y="168" w="-1" h="-1" measuredW="106" measuredH="28" zOrder="6" locked="false" isInGroup="-1">
      <controlProperties>
        <text>Agregar%20zona</text>
      </controlProperties>
    </control>
    <control controlID="7" controlTypeID="com.balsamiq.mockups::Label" x="355" y="102" w="148" h="25" measuredW="137" measuredH="25" zOrder="7" locked="false" isInGroup="-1">
      <controlProperties>
        <text>Unidad%20de%20despacho%3A</text>
      </controlProperties>
    </control>
    <control controlID="8" controlTypeID="com.balsamiq.mockups::ComboBox" x="503" y="101" w="265" h="-1" measuredW="235" measuredH="25" zOrder="8" locked="false" isInGroup="-1">
      <controlProperties>
        <text>Exportaci%F3n%20definitiva%20y%20temporal</text>
      </controlProperties>
    </control>
    <control controlID="9" controlTypeID="com.balsamiq.mockups::Label" x="355" y="128" w="148" h="25" measuredW="53" measuredH="25" zOrder="9" locked="false" isInGroup="-1">
      <controlProperties>
        <text>Estado%3A</text>
      </controlProperties>
    </control>
    <control controlID="10" controlTypeID="com.balsamiq.mockups::ComboBox" x="503" y="127" w="265" h="-1" measuredW="80" measuredH="25" zOrder="10" locked="false" isInGroup="-1">
      <controlProperties>
        <text>Vigente</text>
      </controlProperties>
    </control>
  </controls>
</mockup>