<mockup version="1.0" skin="sketch" measuredW="999" measuredH="618" mockupW="661" mockupH="576">
  <controls>
    <control controlID="0" controlTypeID="com.balsamiq.mockups::Canvas" x="328" y="32" w="661" h="576" measuredW="100" measuredH="70" zOrder="0" locked="false" isInGroup="-1"/>
    <control controlID="1" controlTypeID="com.balsamiq.mockups::Canvas" x="328" y="32" w="661" h="31" measuredW="100" measuredH="70" zOrder="1" locked="false" isInGroup="-1">
      <controlProperties>
        <color>545684</color>
      </controlProperties>
    </control>
    <control controlID="2" controlTypeID="com.balsamiq.mockups::Label" x="328" y="38" w="661" h="25" measuredW="486" measuredH="25" zOrder="2" locked="false" isInGroup="-1">
      <controlProperties>
        <align>center</align>
        <color>16777215</color>
        <text>CRITERIOS%20PARA%20DETERMINAR%20LA%20CARGA%20LABORAL%20POR%20DECLARACI%D3N</text>
      </controlProperties>
    </control>
    <control controlID="3" controlTypeID="com.balsamiq.mockups::Label" x="355" y="77" w="148" h="25" measuredW="57" measuredH="25" zOrder="3" locked="false" isInGroup="-1">
      <controlProperties>
        <text>Aduana%3A</text>
      </controlProperties>
    </control>
    <control controlID="4" controlTypeID="com.balsamiq.mockups::ComboBox" x="503" y="76" w="288" h="-1" measuredW="190" measuredH="25" zOrder="4" locked="false" isInGroup="-1">
      <controlProperties>
        <state>disabled</state>
        <text>118%20-%20Mar%EDtima%20el%20Callao</text>
      </controlProperties>
    </control>
    <control controlID="5" controlTypeID="com.balsamiq.mockups::DataGrid" x="374" y="185" w="565" h="177" measuredW="187" measuredH="178" zOrder="8" locked="false" isInGroup="-1">
      <controlProperties>
        <text>Descripci%F3n%2CPeso%0ADe%201%20a%2010%20series%2C1%0ADe%2011%20a%2020%20series%2C2%0ADe%2021%20a%2050%20series%2C3%0ADe%2051%20a%20100%20series%2C4%0AM%E1s%20de%20100%20series%2C5</text>
      </controlProperties>
    </control>
    <control controlID="7" controlTypeID="com.balsamiq.mockups::Label" x="355" y="102" w="148" h="25" measuredW="137" measuredH="25" zOrder="5" locked="false" isInGroup="-1">
      <controlProperties>
        <text>Unidad%20de%20despacho%3A</text>
      </controlProperties>
    </control>
    <control controlID="8" controlTypeID="com.balsamiq.mockups::ComboBox" x="503" y="101" w="288" h="-1" measuredW="283" measuredH="25" zOrder="6" locked="false" isInGroup="-1">
      <controlProperties>
        <text>10%20R%E9gimen%20Importaci%F3n%20para%20el%20Consumo</text>
      </controlProperties>
    </control>
    <control controlID="12" controlTypeID="com.balsamiq.mockups::Accordion" x="355" y="142" w="604" h="440" measuredW="390" measuredH="374" zOrder="7" locked="false" isInGroup="-1">
      <controlProperties>
        <text>CANTIDAD%20DE%20SERIES%0AR%C9GIMEN%20DE%20PRECEDENCIA%0ASEGMENTACI%D3N%20DEL%20IMPORTADOR%20EN%20FUNCI%D3N%20AL%20VALOR%20FOB%0ASEGMENTACI%D3N%20DEL%20IMPORTADOR%20EN%20FUNCI%D3N%20A%20SU%20FRECUENCIA%20%0ARIESGO%20DEL%20CONSIGNATARIO%0ARIESGO%20DEL%20AGENTE%0ARIESGO%20POR%20SUBPARTIDA%20NACIONAL%0ARIESGO%20POR%20MERCANC%CDA%20RESTRINGIDA</text>
      </controlProperties>
    </control>
  </controls>
</mockup>