<mockup version="1.0" skin="sketch" measuredW="1129" measuredH="714" mockupW="505" mockupH="672">
  <controls>
    <control controlID="0" controlTypeID="com.balsamiq.mockups::Canvas" x="614" y="32" w="505" h="672" measuredW="100" measuredH="70" zOrder="0" locked="false" isInGroup="-1"/>
    <control controlID="1" controlTypeID="com.balsamiq.mockups::Canvas" x="614" y="32" w="505" h="31" measuredW="100" measuredH="70" zOrder="2" locked="false" isInGroup="-1">
      <controlProperties>
        <color>545684</color>
      </controlProperties>
    </control>
    <control controlID="2" controlTypeID="com.balsamiq.mockups::Label" x="614" y="38" w="505" h="25" measuredW="206" measuredH="25" zOrder="3" locked="false" isInGroup="-1">
      <controlProperties>
        <align>center</align>
        <color>16777215</color>
        <text>AGREGAR/MODIFICAR%20TURNO</text>
      </controlProperties>
    </control>
    <control controlID="3" controlTypeID="com.balsamiq.mockups::Label" x="641" y="77" w="148" h="25" measuredW="57" measuredH="25" zOrder="4" locked="false" isInGroup="-1">
      <controlProperties>
        <text>Aduana%3A</text>
      </controlProperties>
    </control>
    <control controlID="4" controlTypeID="com.balsamiq.mockups::Button" x="782" y="661" w="78" h="28" measuredW="75" measuredH="28" zOrder="5" locked="false" isInGroup="-1">
      <controlProperties>
        <text>Guardar</text>
      </controlProperties>
    </control>
    <control controlID="5" controlTypeID="com.balsamiq.mockups::Label" x="641" y="156" w="148" h="25" measuredW="85" measuredH="25" zOrder="6" locked="false" isInGroup="-1">
      <controlProperties>
        <text>Hora%20desde%3A</text>
      </controlProperties>
    </control>
    <control controlID="6" controlTypeID="com.balsamiq.mockups::Button" x="869" y="661" w="81" h="28" measuredW="78" measuredH="28" zOrder="7" locked="false" isInGroup="-1">
      <controlProperties>
        <text>Cancelar</text>
      </controlProperties>
    </control>
    <control controlID="7" controlTypeID="com.balsamiq.mockups::DateChooser" x="848" y="230" w="142" h="-1" measuredW="150" measuredH="29" zOrder="8" locked="false" isInGroup="-1">
      <controlProperties>
        <text>01/09/2018%20%20%20%20</text>
      </controlProperties>
    </control>
    <control controlID="8" controlTypeID="com.balsamiq.mockups::DateChooser" x="848" y="255" w="-1" h="-1" measuredW="142" measuredH="29" zOrder="9" locked="false" isInGroup="-1">
      <controlProperties>
        <state>up</state>
        <text>31/12/9999%20%20%20</text>
      </controlProperties>
    </control>
    <control controlID="9" controlTypeID="com.balsamiq.mockups::Label" x="641" y="102" w="148" h="25" measuredW="137" measuredH="25" zOrder="10" locked="false" isInGroup="-1">
      <controlProperties>
        <text>Unidad%20de%20despacho%3A</text>
      </controlProperties>
    </control>
    <control controlID="10" controlTypeID="com.balsamiq.mockups::Label" x="641" y="206" w="193" h="24" measuredW="187" measuredH="25" zOrder="11" locked="false" isInGroup="-1">
      <controlProperties>
        <text>Hora%20de%20corte%20de%20asignaci%F3n%3A</text>
      </controlProperties>
    </control>
    <control controlID="11" controlTypeID="com.balsamiq.mockups::Label" x="641" y="129" w="148" h="25" measuredW="59" measuredH="25" zOrder="12" locked="false" isInGroup="-1">
      <controlProperties>
        <text>Nombre%3A</text>
      </controlProperties>
    </control>
    <control controlID="12" controlTypeID="com.balsamiq.mockups::TextInput" x="848" y="127" w="244" h="-1" measuredW="98" measuredH="29" zOrder="13" locked="false" isInGroup="-1">
      <controlProperties>
        <align>left</align>
        <state>up</state>
        <text>Turno%20ma%F1ana</text>
      </controlProperties>
    </control>
    <control controlID="13" controlTypeID="com.balsamiq.mockups::TextInput" x="848" y="153" w="108" h="-1" measuredW="52" measuredH="29" zOrder="14" locked="false" isInGroup="-1">
      <controlProperties>
        <align>left</align>
        <state>up</state>
        <text>08%3A00</text>
      </controlProperties>
    </control>
    <control controlID="14" controlTypeID="com.balsamiq.mockups::Label" x="641" y="181" w="148" h="25" measuredW="82" measuredH="25" zOrder="15" locked="false" isInGroup="-1">
      <controlProperties>
        <text>Hora%20hasta%3A</text>
      </controlProperties>
    </control>
    <control controlID="15" controlTypeID="com.balsamiq.mockups::TextInput" x="848" y="178" w="108" h="-1" measuredW="51" measuredH="29" zOrder="16" locked="false" isInGroup="-1">
      <controlProperties>
        <align>left</align>
        <state>up</state>
        <text>11%3A59</text>
      </controlProperties>
    </control>
    <control controlID="17" controlTypeID="com.balsamiq.mockups::TextInput" x="848" y="204" w="108" h="-1" measuredW="51" measuredH="29" zOrder="17" locked="false" isInGroup="-1">
      <controlProperties>
        <align>left</align>
        <state>up</state>
        <text>11%3A50</text>
      </controlProperties>
    </control>
    <control controlID="19" controlTypeID="com.balsamiq.mockups::Label" x="848" y="76" w="244" h="25" measuredW="170" measuredH="25" zOrder="18" locked="false" isInGroup="-1">
      <controlProperties>
        <text>118%20-%20Mar%EDtima%20del%20Callao</text>
      </controlProperties>
    </control>
    <control controlID="20" controlTypeID="com.balsamiq.mockups::Label" x="848" y="101" w="244" h="25" measuredW="208" measuredH="25" zOrder="19" locked="false" isInGroup="-1">
      <controlProperties>
        <text>Exportaci%F3n%20definitiva%20y%20temporal</text>
      </controlProperties>
    </control>
    <control controlID="21" controlTypeID="com.balsamiq.mockups::Label" x="641" y="230" w="163" h="25" measuredW="102" measuredH="25" zOrder="20" locked="false" isInGroup="-1">
      <controlProperties>
        <text>Vigente%20desde%3A</text>
      </controlProperties>
    </control>
    <control controlID="22" controlTypeID="com.balsamiq.mockups::Label" x="641" y="255" w="163" h="25" measuredW="98" measuredH="25" zOrder="21" locked="false" isInGroup="-1">
      <controlProperties>
        <text>Vigente%20hasta%3A</text>
      </controlProperties>
    </control>
    <control controlID="23" controlTypeID="com.balsamiq.mockups::Label" x="650" y="346" w="163" h="24" measuredW="158" measuredH="25" zOrder="22" locked="false" isInGroup="-1">
      <controlProperties>
        <text>Intervalo%20entre%20sorteos%3A</text>
      </controlProperties>
    </control>
    <control controlID="24" controlTypeID="com.balsamiq.mockups::TextInput" x="857" y="346" w="108" h="-1" measuredW="29" measuredH="29" zOrder="23" locked="false" isInGroup="-1">
      <controlProperties>
        <align>left</align>
        <state>up</state>
        <text>35</text>
      </controlProperties>
    </control>
    <control controlID="26" controlTypeID="com.balsamiq.mockups::RadioButton" x="650" y="309" w="-1" h="-1" measuredW="85" measuredH="22" zOrder="24" locked="false" isInGroup="-1">
      <controlProperties>
        <state>selected</state>
        <text>Intervalos</text>
      </controlProperties>
    </control>
    <control controlID="27" controlTypeID="com.balsamiq.mockups::RadioButton" x="746" y="309" w="-1" h="-1" measuredW="109" measuredH="22" zOrder="25" locked="false" isInGroup="-1">
      <controlProperties>
        <text>Horarios%20fijos</text>
      </controlProperties>
    </control>
    <control controlID="28" controlTypeID="com.balsamiq.mockups::Label" x="650" y="376" w="163" h="24" measuredW="143" measuredH="25" zOrder="26" locked="false" isInGroup="-1">
      <controlProperties>
        <text>Cantidad%20de%20horarios%3A</text>
      </controlProperties>
    </control>
    <control controlID="29" controlTypeID="com.balsamiq.mockups::TextInput" x="857" y="376" w="108" h="-1" measuredW="22" measuredH="29" zOrder="27" locked="false" isInGroup="-1">
      <controlProperties>
        <align>left</align>
        <state>up</state>
        <text>1</text>
      </controlProperties>
    </control>
    <control controlID="30" controlTypeID="com.balsamiq.mockups::Label" x="650" y="406" w="163" h="24" measuredW="115" measuredH="25" zOrder="28" locked="false" isInGroup="-1">
      <controlProperties>
        <text>Hora%20de%20corte%201%3A</text>
      </controlProperties>
    </control>
    <control controlID="31" controlTypeID="com.balsamiq.mockups::FieldSet" x="637" y="284" w="455" h="187" measuredW="200" measuredH="170" zOrder="1" locked="false" isInGroup="-1">
      <controlProperties>
        <text>Horario%20de%20sorteos</text>
      </controlProperties>
    </control>
    <control controlID="32" controlTypeID="com.balsamiq.mockups::TextInput" x="857" y="403" w="108" h="-1" measuredW="51" measuredH="29" zOrder="29" locked="false" isInGroup="-1">
      <controlProperties>
        <align>left</align>
        <state>up</state>
        <text>08%3A45</text>
      </controlProperties>
    </control>
    <control controlID="33" controlTypeID="com.balsamiq.mockups::Label" x="650" y="433" w="163" h="24" measuredW="121" measuredH="25" zOrder="30" locked="false" isInGroup="-1">
      <controlProperties>
        <text>Hora%20de%20sorteo%201%3A</text>
      </controlProperties>
    </control>
    <control controlID="34" controlTypeID="com.balsamiq.mockups::TextInput" x="857" y="430" w="108" h="-1" measuredW="51" measuredH="29" zOrder="31" locked="false" isInGroup="-1">
      <controlProperties>
        <align>left</align>
        <state>up</state>
        <text>10%3A45</text>
      </controlProperties>
    </control>
    <control controlID="35" controlTypeID="com.balsamiq.mockups::DataGrid" x="638" y="492" w="456" h="154" measuredW="344" measuredH="148" zOrder="32" locked="false" isInGroup="-1">
      <controlProperties>
        <text>%5B%5D%2CZona%0A%5Bx%5D%2CZona%20norte%20-%20Puente%20Piedra%20Comas%20Los%20Olivos%0A%5B%5D%2CZona%20centro%20-%20Cercado%20El%20Rimac%20Bre%F1a%0A%5B%5D%2CZona%20este%20-%20La%20Molina%20Ate%0A%5B%5D%2CZona%20sur%20-%20Chorrillos%20San%20Juan%20de%20Miraflores</text>
      </controlProperties>
    </control>
  </controls>
</mockup>