<mockup version="1.0" skin="sketch" measuredW="1090" measuredH="373" mockupW="466" mockupH="331">
  <controls>
    <control controlID="0" controlTypeID="com.balsamiq.mockups::Canvas" x="614" y="32" w="466" h="331" measuredW="100" measuredH="70" zOrder="0" locked="false" isInGroup="-1"/>
    <control controlID="1" controlTypeID="com.balsamiq.mockups::Canvas" x="614" y="32" w="466" h="31" measuredW="100" measuredH="70" zOrder="1" locked="false" isInGroup="-1">
      <controlProperties>
        <color>545684</color>
      </controlProperties>
    </control>
    <control controlID="2" controlTypeID="com.balsamiq.mockups::Label" x="614" y="38" w="466" h="25" measuredW="353" measuredH="25" zOrder="2" locked="false" isInGroup="-1">
      <controlProperties>
        <align>center</align>
        <color>16777215</color>
        <text>AGREGAR/MODIFICAR%20ZONA%20DE%20RECONOCIMIENTO</text>
      </controlProperties>
    </control>
    <control controlID="3" controlTypeID="com.balsamiq.mockups::Label" x="641" y="77" w="148" h="25" measuredW="57" measuredH="25" zOrder="3" locked="false" isInGroup="-1">
      <controlProperties>
        <text>Aduana%3A</text>
      </controlProperties>
    </control>
    <control controlID="5" controlTypeID="com.balsamiq.mockups::Button" x="763" y="320" w="78" h="28" measuredW="75" measuredH="28" zOrder="4" locked="false" isInGroup="-1">
      <controlProperties>
        <text>Guardar</text>
      </controlProperties>
    </control>
    <control controlID="7" controlTypeID="com.balsamiq.mockups::Label" x="641" y="156" w="148" h="25" measuredW="80" measuredH="25" zOrder="5" locked="false" isInGroup="-1">
      <controlProperties>
        <text>Descripci%F3n%3A</text>
      </controlProperties>
    </control>
    <control controlID="9" controlTypeID="com.balsamiq.mockups::Button" x="850" y="320" w="81" h="28" measuredW="78" measuredH="28" zOrder="6" locked="false" isInGroup="-1">
      <controlProperties>
        <text>Cancelar</text>
      </controlProperties>
    </control>
    <control controlID="12" controlTypeID="com.balsamiq.mockups::DateChooser" x="804" y="252" w="-1" h="-1" measuredW="150" measuredH="29" zOrder="7" locked="false" isInGroup="-1">
      <controlProperties>
        <text>01/09/2018%20%20%20%20</text>
      </controlProperties>
    </control>
    <control controlID="13" controlTypeID="com.balsamiq.mockups::DateChooser" x="804" y="277" w="-1" h="-1" measuredW="142" measuredH="29" zOrder="8" locked="false" isInGroup="-1">
      <controlProperties>
        <state>up</state>
        <text>31/12/9999%20%20%20</text>
      </controlProperties>
    </control>
    <control controlID="14" controlTypeID="com.balsamiq.mockups::Label" x="641" y="102" w="148" h="25" measuredW="137" measuredH="25" zOrder="9" locked="false" isInGroup="-1">
      <controlProperties>
        <text>Unidad%20de%20despacho%3A</text>
      </controlProperties>
    </control>
    <control controlID="16" controlTypeID="com.balsamiq.mockups::Label" x="641" y="207" w="148" h="45" measuredW="267" measuredH="25" zOrder="10" locked="false" isInGroup="-1">
      <controlProperties>
        <text>Es%20Susceptible%20para%20local%20del%20exportador%3A</text>
      </controlProperties>
    </control>
    <control controlID="17" controlTypeID="com.balsamiq.mockups::RadioButton" x="808" y="218" w="-1" h="-1" measuredW="34" measuredH="22" zOrder="11" locked="false" isInGroup="-1">
      <controlProperties>
        <text>S%ED</text>
      </controlProperties>
    </control>
    <control controlID="18" controlTypeID="com.balsamiq.mockups::RadioButton" x="847" y="218" w="-1" h="-1" measuredW="39" measuredH="22" zOrder="12" locked="false" isInGroup="-1">
      <controlProperties>
        <state>selected</state>
        <text>No</text>
      </controlProperties>
    </control>
    <control controlID="19" controlTypeID="com.balsamiq.mockups::Label" x="641" y="129" w="148" h="25" measuredW="59" measuredH="25" zOrder="13" locked="false" isInGroup="-1">
      <controlProperties>
        <text>Nombre%3A</text>
      </controlProperties>
    </control>
    <control controlID="20" controlTypeID="com.balsamiq.mockups::TextInput" x="804" y="127" w="244" h="-1" measuredW="85" measuredH="29" zOrder="14" locked="false" isInGroup="-1">
      <controlProperties>
        <align>left</align>
        <state>up</state>
        <text>Zona%20Norte</text>
      </controlProperties>
    </control>
    <control controlID="21" controlTypeID="com.balsamiq.mockups::TextArea" x="804" y="156" w="244" h="51" measuredW="200" measuredH="140" zOrder="15" locked="false" isInGroup="-1">
      <controlProperties>
        <text>Anc%F3n-Puente%20Piedra-Los%20Olivos-Ventanilla</text>
      </controlProperties>
    </control>
    <control controlID="22" controlTypeID="com.balsamiq.mockups::Label" x="804" y="76" w="244" h="25" measuredW="170" measuredH="25" zOrder="16" locked="false" isInGroup="-1">
      <controlProperties>
        <text>118%20-%20Mar%EDtima%20del%20Callao</text>
      </controlProperties>
    </control>
    <control controlID="23" controlTypeID="com.balsamiq.mockups::Label" x="641" y="256" w="163" h="25" measuredW="102" measuredH="25" zOrder="17" locked="false" isInGroup="-1">
      <controlProperties>
        <text>Vigente%20desde%3A</text>
      </controlProperties>
    </control>
    <control controlID="24" controlTypeID="com.balsamiq.mockups::Label" x="641" y="281" w="163" h="25" measuredW="98" measuredH="25" zOrder="18" locked="false" isInGroup="-1">
      <controlProperties>
        <text>Vigente%20hasta%3A</text>
      </controlProperties>
    </control>
    <control controlID="25" controlTypeID="com.balsamiq.mockups::Label" x="804" y="101" w="244" h="25" measuredW="208" measuredH="25" zOrder="19" locked="false" isInGroup="-1">
      <controlProperties>
        <text>Exportaci%F3n%20definitiva%20y%20temporal</text>
      </controlProperties>
    </control>
  </controls>
</mockup>