<mockup version="1.0" skin="sketch" measuredW="1224" measuredH="593" mockupW="886" mockupH="551">
  <controls>
    <control controlID="0" controlTypeID="com.balsamiq.mockups::Canvas" x="328" y="32" w="886" h="551" measuredW="100" measuredH="70" zOrder="0" locked="false" isInGroup="-1"/>
    <control controlID="1" controlTypeID="com.balsamiq.mockups::Canvas" x="328" y="32" w="886" h="31" measuredW="100" measuredH="70" zOrder="1" locked="false" isInGroup="-1">
      <controlProperties>
        <color>545684</color>
      </controlProperties>
    </control>
    <control controlID="2" controlTypeID="com.balsamiq.mockups::Label" x="328" y="38" w="886" h="25" measuredW="215" measuredH="25" zOrder="2" locked="false" isInGroup="-1">
      <controlProperties>
        <align>center</align>
        <color>16777215</color>
        <text>CAT%C1LOGO%20DE%20FUNCIONARIOS</text>
      </controlProperties>
    </control>
    <control controlID="3" controlTypeID="com.balsamiq.mockups::Label" x="355" y="121" w="148" h="25" measuredW="57" measuredH="25" zOrder="3" locked="false" isInGroup="-1">
      <controlProperties>
        <text>Aduana%3A</text>
      </controlProperties>
    </control>
    <control controlID="4" controlTypeID="com.balsamiq.mockups::FieldSet" x="355" y="325" w="832" h="200" measuredW="200" measuredH="170" zOrder="4" locked="false" isInGroup="-1">
      <controlProperties>
        <text>Funcionarios%20registrados</text>
      </controlProperties>
    </control>
    <control controlID="5" controlTypeID="com.balsamiq.mockups::ComboBox" x="503" y="120" w="265" h="-1" measuredW="190" measuredH="25" zOrder="5" locked="false" isInGroup="-1">
      <controlProperties>
        <state>disabled</state>
        <text>118%20-%20Mar%EDtima%20el%20Callao</text>
      </controlProperties>
    </control>
    <control controlID="6" controlTypeID="com.balsamiq.mockups::DataGrid" x="370" y="352" w="802" h="151" measuredW="682" measuredH="148" zOrder="6" locked="false" isInGroup="-1">
      <controlProperties>
        <text>Registro%2CApellido%20Paterno%2CApellido%20Materno%2CNombres%2CDesde%2CHasta%2CRetirar%0AQS08%2CTineo%2CSantamaria%2CRonald%20Herliss%2C01/09/2018%2C30/09/2018%2C%0AQU89%2CAlberti%2CNegron%2CLisney%20Magali%2C01/09/2018%2C30/09/2018%2C%0ANI28%2CLazaro%2CRamos%2CGerardo%20David%2C01/09/2018%2C30/09/2018%2C%0AAI97%2CVivar%2CRodriguez%2CYeisson%20Kevin%2C01/09/2018%2C30/09/2018%2C</text>
      </controlProperties>
    </control>
    <control controlID="7" controlTypeID="com.balsamiq.mockups::Button" x="778" y="540" w="-1" h="-1" measuredW="68" measuredH="28" zOrder="7" locked="false" isInGroup="-1">
      <controlProperties>
        <text>Grabar</text>
      </controlProperties>
    </control>
    <control controlID="8" controlTypeID="com.balsamiq.mockups::Label" x="355" y="173" w="148" h="25" measuredW="137" measuredH="25" zOrder="8" locked="false" isInGroup="-1">
      <controlProperties>
        <text>Unidad%20de%20despacho%3A</text>
      </controlProperties>
    </control>
    <control controlID="9" controlTypeID="com.balsamiq.mockups::ComboBox" x="503" y="172" w="265" h="-1" measuredW="235" measuredH="25" zOrder="9" locked="false" isInGroup="-1">
      <controlProperties>
        <text>Exportaci%F3n%20definitiva%20y%20temporal</text>
      </controlProperties>
    </control>
    <control controlID="10" controlTypeID="com.balsamiq.mockups::Label" x="355" y="225" w="148" h="25" measuredW="46" measuredH="25" zOrder="10" locked="false" isInGroup="-1">
      <controlProperties>
        <text>Turno%3A</text>
      </controlProperties>
    </control>
    <control controlID="11" controlTypeID="com.balsamiq.mockups::ComboBox" x="503" y="224" w="265" h="-1" measuredW="222" measuredH="25" zOrder="11" locked="false" isInGroup="-1">
      <controlProperties>
        <text>Turno%20ma%F1ana%20-%2008%3A00%20%2013%3A59</text>
      </controlProperties>
    </control>
    <control controlID="12" controlTypeID="com.balsamiq.mockups::Label" x="355" y="70" w="148" h="25" measuredW="129" measuredH="25" zOrder="12" locked="false" isInGroup="-1">
      <controlProperties>
        <text>Fecha%3A%2001/01/2018</text>
      </controlProperties>
    </control>
    <control controlID="13" controlTypeID="com.balsamiq.mockups::Label" x="355" y="95" w="148" h="25" measuredW="107" measuredH="25" zOrder="13" locked="false" isInGroup="-1">
      <controlProperties>
        <text>Hora%3A%2008%3A30%3A15</text>
      </controlProperties>
    </control>
    <control controlID="14" controlTypeID="com.balsamiq.mockups::Label" x="355" y="147" w="148" h="25" measuredW="102" measuredH="25" zOrder="14" locked="false" isInGroup="-1">
      <controlProperties>
        <text>Vigente%20desde%3A</text>
      </controlProperties>
    </control>
    <control controlID="15" controlTypeID="com.balsamiq.mockups::DateChooser" x="503" y="146" w="142" h="-1" measuredW="150" measuredH="29" zOrder="15" locked="false" isInGroup="-1">
      <controlProperties>
        <text>01/09/2018%20%20%20%20</text>
      </controlProperties>
    </control>
    <control controlID="16" controlTypeID="com.balsamiq.mockups::Label" x="768" y="145" w="148" h="25" measuredW="98" measuredH="25" zOrder="16" locked="false" isInGroup="-1">
      <controlProperties>
        <text>Vigente%20hasta%3A</text>
      </controlProperties>
    </control>
    <control controlID="17" controlTypeID="com.balsamiq.mockups::DateChooser" x="916" y="144" w="142" h="-1" measuredW="150" measuredH="29" zOrder="17" locked="false" isInGroup="-1">
      <controlProperties>
        <text>01/09/2018%20%20%20%20</text>
      </controlProperties>
    </control>
    <control controlID="18" controlTypeID="com.balsamiq.mockups::Label" x="355" y="199" w="148" h="25" measuredW="146" measuredH="25" zOrder="18" locked="false" isInGroup="-1">
      <controlProperties>
        <text>Grupo%20de%20funcionarios%3A</text>
      </controlProperties>
    </control>
    <control controlID="19" controlTypeID="com.balsamiq.mockups::ComboBox" x="503" y="198" w="265" h="-1" measuredW="451" measuredH="25" zOrder="19" locked="false" isInGroup="-1">
      <controlProperties>
        <text>Grupo%20de%20atenci%F3n%20de%20declaraciones%20en%20aduana%20de%20destino%20-%20Salida</text>
      </controlProperties>
    </control>
    <control controlID="20" controlTypeID="com.balsamiq.mockups::FieldSet" x="355" y="250" w="832" h="66" measuredW="200" measuredH="170" zOrder="20" locked="false" isInGroup="-1">
      <controlProperties>
        <text>Funcionario</text>
      </controlProperties>
    </control>
    <control controlID="21" controlTypeID="com.balsamiq.mockups::Label" x="370" y="276" w="62" h="25" measuredW="63" measuredH="25" zOrder="21" locked="false" isInGroup="-1">
      <controlProperties>
        <text>Registro%3A</text>
      </controlProperties>
    </control>
    <control controlID="22" controlTypeID="com.balsamiq.mockups::TextInput" x="432" y="274" w="57" h="-1" measuredW="79" measuredH="29" zOrder="22" locked="false" isInGroup="-1">
      <controlProperties>
        <text/>
      </controlProperties>
    </control>
    <control controlID="23" controlTypeID="com.balsamiq.mockups::Label" x="503" y="276" w="148" h="25" measuredW="137" measuredH="25" zOrder="23" locked="false" isInGroup="-1">
      <controlProperties>
        <text>Apellidos%20y%20nombres%3A</text>
      </controlProperties>
    </control>
    <control controlID="24" controlTypeID="com.balsamiq.mockups::TextInput" x="645" y="274" w="401" h="-1" measuredW="79" measuredH="29" zOrder="24" locked="false" isInGroup="-1">
      <controlProperties>
        <text/>
      </controlProperties>
    </control>
    <control controlID="25" controlTypeID="com.balsamiq.mockups::Button" x="1058" y="275" w="-1" h="-1" measuredW="74" measuredH="28" zOrder="25" locked="false" isInGroup="-1">
      <controlProperties>
        <text>Agregar</text>
      </controlProperties>
    </control>
    <control controlID="26" controlTypeID="com.balsamiq.mockups::Button" x="696" y="540" w="-1" h="-1" measuredW="78" measuredH="28" zOrder="26" locked="false" isInGroup="-1">
      <controlProperties>
        <text>Cancelar</text>
      </controlProperties>
    </control>
    <control controlID="27" controlTypeID="com.balsamiq.mockups::Icon" x="1115" y="383" w="-1" h="-1" measuredW="16" measuredH="16" zOrder="27" locked="false" isInGroup="-1">
      <controlProperties>
        <icon>TrashIcon%7Cxsmall</icon>
      </controlProperties>
    </control>
    <control controlID="28" controlTypeID="com.balsamiq.mockups::Icon" x="1116" y="414" w="-1" h="-1" measuredW="16" measuredH="16" zOrder="28" locked="false" isInGroup="-1">
      <controlProperties>
        <icon>TrashIcon%7Cxsmall</icon>
      </controlProperties>
    </control>
    <control controlID="29" controlTypeID="com.balsamiq.mockups::Icon" x="1116" y="445" w="-1" h="-1" measuredW="16" measuredH="16" zOrder="29" locked="false" isInGroup="-1">
      <controlProperties>
        <icon>TrashIcon%7Cxsmall</icon>
      </controlProperties>
    </control>
    <control controlID="30" controlTypeID="com.balsamiq.mockups::Icon" x="1115" y="476" w="-1" h="-1" measuredW="16" measuredH="16" zOrder="30" locked="false" isInGroup="-1">
      <controlProperties>
        <icon>TrashIcon%7Cxsmall</icon>
      </controlProperties>
    </control>
  </controls>
</mockup>