<mockup version="1.0" skin="sketch" measuredW="999" measuredH="410" mockupW="661" mockupH="368">
  <controls>
    <control controlID="0" controlTypeID="com.balsamiq.mockups::Canvas" x="328" y="32" w="661" h="368" measuredW="100" measuredH="70" zOrder="0" locked="false" isInGroup="-1"/>
    <control controlID="1" controlTypeID="com.balsamiq.mockups::Canvas" x="328" y="32" w="661" h="31" measuredW="100" measuredH="70" zOrder="1" locked="false" isInGroup="-1">
      <controlProperties>
        <color>545684</color>
      </controlProperties>
    </control>
    <control controlID="2" controlTypeID="com.balsamiq.mockups::Label" x="328" y="38" w="661" h="25" measuredW="486" measuredH="25" zOrder="2" locked="false" isInGroup="-1">
      <controlProperties>
        <align>center</align>
        <color>16777215</color>
        <text>CRITERIOS%20PARA%20DETERMINAR%20LA%20CARGA%20LABORAL%20POR%20DECLARACI%D3N</text>
      </controlProperties>
    </control>
    <control controlID="3" controlTypeID="com.balsamiq.mockups::Label" x="355" y="77" w="148" h="25" measuredW="57" measuredH="25" zOrder="3" locked="false" isInGroup="-1">
      <controlProperties>
        <text>Aduana%3A</text>
      </controlProperties>
    </control>
    <control controlID="4" controlTypeID="com.balsamiq.mockups::ComboBox" x="503" y="76" w="288" h="-1" measuredW="190" measuredH="25" zOrder="4" locked="false" isInGroup="-1">
      <controlProperties>
        <state>disabled</state>
        <text>118%20-%20Mar%EDtima%20el%20Callao</text>
      </controlProperties>
    </control>
    <control controlID="5" controlTypeID="com.balsamiq.mockups::Label" x="355" y="102" w="148" h="25" measuredW="137" measuredH="25" zOrder="5" locked="false" isInGroup="-1">
      <controlProperties>
        <text>Unidad%20de%20despacho%3A</text>
      </controlProperties>
    </control>
    <control controlID="6" controlTypeID="com.balsamiq.mockups::ComboBox" x="503" y="101" w="288" h="-1" measuredW="283" measuredH="25" zOrder="6" locked="false" isInGroup="-1">
      <controlProperties>
        <text>10%20R%E9gimen%20Importaci%F3n%20para%20el%20Consumo</text>
      </controlProperties>
    </control>
    <control controlID="8" controlTypeID="com.balsamiq.mockups::DataGrid" x="346" y="191" w="624" h="177" measuredW="617" measuredH="268" zOrder="7" locked="false" isInGroup="-1">
      <controlProperties>
        <text>%2CCriterio%2CPonderaci%F3n%20%28%25%29%2CAcci%F3n%0A1%2CCantidad%20de%20series%2C%20%2C%5BVer%20hist%F3rico%5D%0A2%2CR%E9gimen%20de%20precedencia%2C10%2C%5BVer%20hist%F3rico%5D%0A3%2CSegmentaci%F3n%20del%20importador%20en%20funci%F3n%20al%20valor%20FOB%2C10%2C%5BVer%20hist%F3rico%5D%0A4%2CSegmentaci%F3n%20del%20importador%20en%20funci%F3n%20a%20su%20frecuencia%20%2C10%2C%5BVer%20hist%F3rico%5D%0A5%2CRiesgo%20del%20consignatario%2C10%2C%5BVer%20hist%F3rico%5D%0A6%2CRiesgo%20del%20agente%2C10%2C%5BVer%20hist%F3rico%5D%0A7%2CRiesgo%20por%20subpartida%20nacional%2C10%2C%5BVer%20hist%F3rico%5D%0A8%2CRiesgo%20por%20mercanc%EDa%20restringida%2C10%2C%5BVer%20hist%F3rico%5D</text>
      </controlProperties>
    </control>
    <control controlID="9" controlTypeID="com.balsamiq.mockups::TextInput" x="759" y="218" w="100" h="-1" measuredW="30" measuredH="29" zOrder="8" locked="false" isInGroup="-1">
      <controlProperties>
        <state>focused</state>
        <text>10</text>
      </controlProperties>
    </control>
    <control controlID="10" controlTypeID="com.balsamiq.mockups::Button" x="654" y="142" w="-1" h="-1" measuredW="68" measuredH="28" zOrder="9" locked="false" isInGroup="-1">
      <controlProperties>
        <text>Grabar</text>
      </controlProperties>
    </control>
    <control controlID="11" controlTypeID="com.balsamiq.mockups::Button" x="572" y="142" w="-1" h="-1" measuredW="78" measuredH="28" zOrder="10" locked="false" isInGroup="-1">
      <controlProperties>
        <text>Cancelar</text>
      </controlProperties>
    </control>
  </controls>
</mockup>