<mockup version="1.0" skin="sketch" measuredW="1206" measuredH="752" mockupW="583" mockupH="710">
  <controls>
    <control controlID="0" controlTypeID="com.balsamiq.mockups::Canvas" x="613" y="32" w="583" h="710" measuredW="100" measuredH="70" zOrder="0" locked="false" isInGroup="-1"/>
    <control controlID="1" controlTypeID="com.balsamiq.mockups::Canvas" x="613" y="32" w="583" h="31" measuredW="100" measuredH="70" zOrder="1" locked="false" isInGroup="-1">
      <controlProperties>
        <color>545684</color>
      </controlProperties>
    </control>
    <control controlID="2" controlTypeID="com.balsamiq.mockups::Label" x="614" y="38" w="582" h="25" measuredW="313" measuredH="25" zOrder="2" locked="false" isInGroup="-1">
      <controlProperties>
        <align>center</align>
        <color>16777215</color>
        <text>AGREGAR/MODIFICAR%20UNIDAD%20DE%20DESPACHO</text>
      </controlProperties>
    </control>
    <control controlID="3" controlTypeID="com.balsamiq.mockups::Label" x="641" y="77" w="148" h="25" measuredW="57" measuredH="25" zOrder="3" locked="false" isInGroup="-1">
      <controlProperties>
        <text>Aduana%3A</text>
      </controlProperties>
    </control>
    <control controlID="4" controlTypeID="com.balsamiq.mockups::DataGrid" x="641" y="268" w="531" h="423" measuredW="488" measuredH="418" zOrder="4" locked="false" isInGroup="-1">
      <controlProperties>
        <text>%5B%5D%2CR%E9gimen%0A%5Bx%5D%2C40-Exportaci%F3n%20definitiva%0A%5B%5D%2C42-Reingreso%20y%20salida%0A%5Bx%5D%2C48-Exportaci%F3n%20simplificada%0A%5B%5D%2C51-Exportacion%20temporal%20para%20%20reimportaci%F3n%20en%20el%20mismos%20estado%0A%5B%5D%2C52-Exportacion%20temporal%20para%20el%20perfeccionamiento%20pasivo%0A%5B%5D%2C60-Reexportaci%F3n%0A%5B%5D%2C80-Tr%E1nsito%0A%5B%5D%2C89-Reembarque%0A%5B%5D%2C10-R%E9gimen%20Importaci%F3n%20para%20el%20Consumo%0A%5B%5D%2C20-R%E9gimen%20Admisi%F3n%20temporal%20para%20reexportaci%F3n%20en%20el%20mismo%20estado%0A%5B%5D%2C21-R%E9gimen%20Admisi%F3n%20temporal%20para%20perfeccionamiento%0A%5B%5D%2C70-R%E9gimen%20Dep%F3sito%20Aduanero%0A%5B%5D%2C28-R%E9gimen%20Env%EDos%20de%20Entrega%20R%E1pida</text>
      </controlProperties>
    </control>
    <control controlID="5" controlTypeID="com.balsamiq.mockups::Button" x="820" y="699" w="78" h="28" measuredW="75" measuredH="28" zOrder="5" locked="false" isInGroup="-1">
      <controlProperties>
        <text>Guardar</text>
      </controlProperties>
    </control>
    <control controlID="6" controlTypeID="com.balsamiq.mockups::Label" x="641" y="104" w="148" h="25" measuredW="80" measuredH="25" zOrder="6" locked="false" isInGroup="-1">
      <controlProperties>
        <text>Descripci%F3n%3A</text>
      </controlProperties>
    </control>
    <control controlID="7" controlTypeID="com.balsamiq.mockups::TextInput" x="804" y="102" w="368" h="-1" measuredW="239" measuredH="29" zOrder="7" locked="false" isInGroup="-1">
      <controlProperties>
        <align>left</align>
        <state>up</state>
        <text>Exportaci%F3n%20definitiva%20y%20simplificada</text>
      </controlProperties>
    </control>
    <control controlID="8" controlTypeID="com.balsamiq.mockups::Label" x="641" y="243" w="148" h="25" measuredW="73" measuredH="25" zOrder="8" locked="false" isInGroup="-1">
      <controlProperties>
        <text>Reg%EDmenes%3A</text>
      </controlProperties>
    </control>
    <control controlID="9" controlTypeID="com.balsamiq.mockups::Button" x="907" y="699" w="81" h="28" measuredW="78" measuredH="28" zOrder="9" locked="false" isInGroup="-1">
      <controlProperties>
        <text>Cancelar</text>
      </controlProperties>
    </control>
    <control controlID="10" controlTypeID="com.balsamiq.mockups::Label" x="641" y="129" w="163" h="25" measuredW="102" measuredH="25" zOrder="10" locked="false" isInGroup="-1">
      <controlProperties>
        <text>Vigente%20desde%3A</text>
      </controlProperties>
    </control>
    <control controlID="11" controlTypeID="com.balsamiq.mockups::Label" x="641" y="154" w="163" h="25" measuredW="98" measuredH="25" zOrder="11" locked="false" isInGroup="-1">
      <controlProperties>
        <text>Vigente%20hasta%3A</text>
      </controlProperties>
    </control>
    <control controlID="12" controlTypeID="com.balsamiq.mockups::DateChooser" x="804" y="126" w="-1" h="-1" measuredW="150" measuredH="29" zOrder="12" locked="false" isInGroup="-1">
      <controlProperties>
        <text>01/09/2018%20%20%20%20</text>
      </controlProperties>
    </control>
    <control controlID="13" controlTypeID="com.balsamiq.mockups::DateChooser" x="804" y="151" w="150" h="-1" measuredW="142" measuredH="29" zOrder="13" locked="false" isInGroup="-1">
      <controlProperties>
        <state>up</state>
        <text>31/12/9999%20%20%20</text>
      </controlProperties>
    </control>
    <control controlID="14" controlTypeID="com.balsamiq.mockups::Label" x="804" y="76" w="244" h="25" measuredW="170" measuredH="25" zOrder="14" locked="false" isInGroup="-1">
      <controlProperties>
        <text>118%20-%20Mar%EDtima%20del%20Callao</text>
      </controlProperties>
    </control>
    <control controlID="15" controlTypeID="com.balsamiq.mockups::Label" x="641" y="179" w="163" h="49" measuredW="253" measuredH="25" zOrder="15" locked="false" isInGroup="-1">
      <controlProperties>
        <text>Incluir%20sorteo%20de%20funcionarios%20por%20zona%3A</text>
      </controlProperties>
    </control>
    <control controlID="16" controlTypeID="com.balsamiq.mockups::RadioButton" x="804" y="192" w="-1" h="-1" measuredW="34" measuredH="22" zOrder="16" locked="false" isInGroup="-1">
      <controlProperties>
        <text>S%ED</text>
      </controlProperties>
    </control>
    <control controlID="17" controlTypeID="com.balsamiq.mockups::RadioButton" x="853" y="192" w="45" h="22" measuredW="39" measuredH="22" zOrder="17" locked="false" isInGroup="-1">
      <controlProperties>
        <state>selected</state>
        <text>No</text>
      </controlProperties>
    </control>
    <control controlID="18" controlTypeID="com.balsamiq.mockups::Label" x="641" y="218" w="163" h="25" measuredW="111" measuredH="25" zOrder="18" locked="false" isInGroup="-1">
      <controlProperties>
        <text>Tipo%20de%20almac%E9n%3A</text>
      </controlProperties>
    </control>
    <control controlID="19" controlTypeID="com.balsamiq.mockups::ComboBox" x="804" y="217" w="368" h="-1" measuredW="457" measuredH="25" zOrder="19" locked="false" isInGroup="-1">
      <controlProperties>
        <text>Local%20del%20exportador%2C%20SINI%2C%20Dep%F3sito%20temporal%2C%20Operador%20Portuario</text>
      </controlProperties>
    </control>
  </controls>
</mockup>