<mockup version="1.0" skin="sketch" measuredW="1139" measuredH="231" mockupW="515" mockupH="189">
  <controls>
    <control controlID="0" controlTypeID="com.balsamiq.mockups::Canvas" x="614" y="32" w="515" h="189" measuredW="100" measuredH="70" zOrder="0" locked="false" isInGroup="-1"/>
    <control controlID="1" controlTypeID="com.balsamiq.mockups::Canvas" x="614" y="32" w="515" h="31" measuredW="100" measuredH="70" zOrder="1" locked="false" isInGroup="-1">
      <controlProperties>
        <color>545684</color>
      </controlProperties>
    </control>
    <control controlID="2" controlTypeID="com.balsamiq.mockups::Label" x="614" y="38" w="515" h="25" measuredW="63" measuredH="25" zOrder="2" locked="false" isInGroup="-1">
      <controlProperties>
        <align>center</align>
        <color>16777215</color>
        <text>MOTIVO</text>
      </controlProperties>
    </control>
    <control controlID="3" controlTypeID="com.balsamiq.mockups::Button" x="789" y="178" w="78" h="28" measuredW="75" measuredH="28" zOrder="3" locked="false" isInGroup="-1">
      <controlProperties>
        <text>Aceptar</text>
      </controlProperties>
    </control>
    <control controlID="4" controlTypeID="com.balsamiq.mockups::Button" x="875" y="178" w="78" h="28" measuredW="78" measuredH="28" zOrder="4" locked="false" isInGroup="-1">
      <controlProperties>
        <text>Cancelar</text>
      </controlProperties>
    </control>
    <control controlID="5" controlTypeID="com.balsamiq.mockups::Label" x="629" y="79" w="62" h="25" measuredW="52" measuredH="25" zOrder="5" locked="false" isInGroup="-1">
      <controlProperties>
        <text>Motivo%3A</text>
      </controlProperties>
    </control>
    <control controlID="6" controlTypeID="com.balsamiq.mockups::TextArea" x="698" y="79" w="391" h="84" measuredW="200" measuredH="140" zOrder="6" locked="false" isInGroup="-1">
      <controlProperties>
        <text/>
      </controlProperties>
    </control>
  </controls>
</mockup>