<mockup version="1.0" skin="sketch" measuredW="1486" measuredH="882" mockupW="985" mockupH="841">
  <controls>
    <control controlID="0" controlTypeID="com.balsamiq.mockups::Label" x="491" y="35" w="985" h="25" measuredW="268" measuredH="25" zOrder="2" locked="false" isInGroup="-1">
      <controlProperties>
        <align>center</align>
        <color>16777215</color>
        <text>REPORTE%20DE%20ASIGNACI%D3N%20EN%20BLOQUE</text>
      </controlProperties>
    </control>
    <control controlID="1" controlTypeID="com.balsamiq.mockups::Canvas" x="491" y="31" w="985" h="34" measuredW="100" measuredH="70" zOrder="1" locked="false" isInGroup="-1">
      <controlProperties>
        <color>545684</color>
      </controlProperties>
    </control>
    <control controlID="2" controlTypeID="com.balsamiq.mockups::Label" x="509" y="76" w="-1" h="-1" measuredW="64" measuredH="25" zOrder="3" locked="false" isInGroup="-1">
      <controlProperties>
        <bold>true</bold>
        <text>ADUANA</text>
      </controlProperties>
    </control>
    <control controlID="3" controlTypeID="com.balsamiq.mockups::Label" x="509" y="101" w="-1" h="-1" measuredW="170" measuredH="25" zOrder="4" locked="false" isInGroup="-1">
      <controlProperties>
        <bold>true</bold>
        <text>FECHA%20DE%20ASIGNACI%D3N</text>
      </controlProperties>
    </control>
    <control controlID="4" controlTypeID="com.balsamiq.mockups::Label" x="509" y="126" w="-1" h="-1" measuredW="54" measuredH="25" zOrder="5" locked="false" isInGroup="-1">
      <controlProperties>
        <bold>true</bold>
        <text>TURNO</text>
      </controlProperties>
    </control>
    <control controlID="5" controlTypeID="com.balsamiq.mockups::Label" x="509" y="151" w="-1" h="-1" measuredW="46" measuredH="25" zOrder="6" locked="false" isInGroup="-1">
      <controlProperties>
        <bold>true</bold>
        <text>ZONA</text>
      </controlProperties>
    </control>
    <control controlID="8" controlTypeID="com.balsamiq.mockups::Label" x="509" y="177" w="-1" h="-1" measuredW="63" measuredH="25" zOrder="7" locked="false" isInGroup="-1">
      <controlProperties>
        <bold>true</bold>
        <text>%C1NFORA</text>
      </controlProperties>
    </control>
    <control controlID="9" controlTypeID="com.balsamiq.mockups::Label" x="509" y="202" w="-1" h="-1" measuredW="265" measuredH="25" zOrder="8" locked="false" isInGroup="-1">
      <controlProperties>
        <bold>true</bold>
        <text>TOTAL%20DE%20UNIDADES%20DE%20SELECCI%D3N%20</text>
      </controlProperties>
    </control>
    <control controlID="11" controlTypeID="com.balsamiq.mockups::Label" x="778" y="76" w="-1" h="-1" measuredW="203" measuredH="25" zOrder="9" locked="false" isInGroup="-1">
      <controlProperties>
        <bold>false</bold>
        <text>%3A%20118%20-%20MAR%CDTIMA%20DEL%20CALLAO</text>
      </controlProperties>
    </control>
    <control controlID="12" controlTypeID="com.balsamiq.mockups::Label" x="778" y="101" w="-1" h="-1" measuredW="87" measuredH="25" zOrder="10" locked="false" isInGroup="-1">
      <controlProperties>
        <bold>false</bold>
        <text>%3A%2002/10/2018</text>
      </controlProperties>
    </control>
    <control controlID="13" controlTypeID="com.balsamiq.mockups::Label" x="778" y="126" w="-1" h="-1" measuredW="228" measuredH="25" zOrder="11" locked="false" isInGroup="-1">
      <controlProperties>
        <bold>false</bold>
        <text>%3A%20TURNO%20MA%D1ANA%20%2808%3A00%20-%2013%3A00%29</text>
      </controlProperties>
    </control>
    <control controlID="14" controlTypeID="com.balsamiq.mockups::Label" x="778" y="151" w="-1" h="-1" measuredW="104" measuredH="25" zOrder="12" locked="false" isInGroup="-1">
      <controlProperties>
        <bold>false</bold>
        <text>%3A%20ZONA%20NORTE</text>
      </controlProperties>
    </control>
    <control controlID="17" controlTypeID="com.balsamiq.mockups::Label" x="778" y="177" w="-1" h="-1" measuredW="151" measuredH="25" zOrder="13" locked="false" isInGroup="-1">
      <controlProperties>
        <bold>false</bold>
        <text>%3A%20ROJO%20EXPORTACI%D3N</text>
      </controlProperties>
    </control>
    <control controlID="18" controlTypeID="com.balsamiq.mockups::Label" x="778" y="202" w="-1" h="-1" measuredW="25" measuredH="25" zOrder="14" locked="false" isInGroup="-1">
      <controlProperties>
        <bold>false</bold>
        <text>%3A%2011</text>
      </controlProperties>
    </control>
    <control controlID="20" controlTypeID="com.balsamiq.mockups::Canvas" x="491" y="60" w="985" h="812" measuredW="100" measuredH="70" zOrder="0" locked="false" isInGroup="-1"/>
    <control controlID="23" controlTypeID="com.balsamiq.mockups::Canvas" x="509" y="227" w="943" h="34" measuredW="100" measuredH="70" zOrder="15" locked="false" isInGroup="-1">
      <controlProperties>
        <color>15658734</color>
      </controlProperties>
    </control>
    <control controlID="27" controlTypeID="com.balsamiq.mockups::DataGrid" x="509" y="257" w="943" h="180" measuredW="772" measuredH="178" zOrder="16" locked="false" isInGroup="-1">
      <controlProperties>
        <text>Unidad%20de%20selecci%F3n%2C%20N%B0%20parcial%2CTipo%20de%20unidad%2C%20Exportador%2C%20Direcci%F3n%0A118-2018-10-123881%2C3%2CPARCIAL%2CALSA%2CAV.%20N%C9STOR%20GAMBETTA%20CUADRA%2047%20CALLAO%0A118-2018-10-124882%2C%2CDUA%2CALSA%2CAV.%20N%C9STOR%20GAMBETTA%20CUADRA%2047%20CALLAO%0A118-2018-10-125883%2C%2CDUA%2CALSA%2CAV.%20N%C9STOR%20GAMBETTA%20CUADRA%2047%20CALLAO%0ASMLU6411288%2C%2CCONTENEDOR%2CIMUDESA%2CAV.%20N%C9STOR%20GAMBETTA%20N%B05502%20CALLAO%0A118-2018-10-127885%2C%2CDUA%2CIMUDESA%2CAV.%20N%C9STOR%20GAMBETTA%20N%B05502%20CALLAO</text>
      </controlProperties>
    </control>
    <control controlID="28" controlTypeID="com.balsamiq.mockups::Label" x="516" y="231" w="355" h="25" measuredW="257" measuredH="25" zOrder="17" locked="false" isInGroup="-1">
      <controlProperties>
        <align>left</align>
        <color>0</color>
        <text>7281%20GARC%CDA%20ALVAREZ%2C%20JEAN%20PIERRE</text>
      </controlProperties>
    </control>
    <control controlID="39" controlTypeID="com.balsamiq.mockups::Label" x="1298" y="446" w="148" h="25" measuredW="148" measuredH="25" zOrder="18" locked="false" isInGroup="-1">
      <controlProperties>
        <align>left</align>
        <color>0</color>
        <text>%3CSALTO%20DE%20P%C1GINA%3E</text>
      </controlProperties>
    </control>
    <control controlID="72" controlTypeID="com.balsamiq.mockups::HRule" x="509" y="478" w="935" h="-1" measuredW="100" measuredH="5" zOrder="19" locked="false" isInGroup="-1"/>
    <control controlID="73" controlTypeID="com.balsamiq.mockups::Label" x="509" y="498" w="-1" h="-1" measuredW="64" measuredH="25" zOrder="20" locked="false" isInGroup="-1">
      <controlProperties>
        <bold>true</bold>
        <text>ADUANA</text>
      </controlProperties>
    </control>
    <control controlID="74" controlTypeID="com.balsamiq.mockups::Label" x="509" y="523" w="-1" h="-1" measuredW="170" measuredH="25" zOrder="21" locked="false" isInGroup="-1">
      <controlProperties>
        <bold>true</bold>
        <text>FECHA%20DE%20ASIGNACI%D3N</text>
      </controlProperties>
    </control>
    <control controlID="75" controlTypeID="com.balsamiq.mockups::Label" x="509" y="548" w="-1" h="-1" measuredW="54" measuredH="25" zOrder="22" locked="false" isInGroup="-1">
      <controlProperties>
        <bold>true</bold>
        <text>TURNO</text>
      </controlProperties>
    </control>
    <control controlID="76" controlTypeID="com.balsamiq.mockups::Label" x="509" y="573" w="-1" h="-1" measuredW="46" measuredH="25" zOrder="23" locked="false" isInGroup="-1">
      <controlProperties>
        <bold>true</bold>
        <text>ZONA</text>
      </controlProperties>
    </control>
    <control controlID="77" controlTypeID="com.balsamiq.mockups::Label" x="509" y="599" w="-1" h="-1" measuredW="63" measuredH="25" zOrder="24" locked="false" isInGroup="-1">
      <controlProperties>
        <bold>true</bold>
        <text>%C1NFORA</text>
      </controlProperties>
    </control>
    <control controlID="78" controlTypeID="com.balsamiq.mockups::Label" x="509" y="624" w="-1" h="-1" measuredW="265" measuredH="25" zOrder="25" locked="false" isInGroup="-1">
      <controlProperties>
        <bold>true</bold>
        <text>TOTAL%20DE%20UNIDADES%20DE%20SELECCI%D3N%20</text>
      </controlProperties>
    </control>
    <control controlID="79" controlTypeID="com.balsamiq.mockups::Label" x="778" y="498" w="-1" h="-1" measuredW="203" measuredH="25" zOrder="26" locked="false" isInGroup="-1">
      <controlProperties>
        <bold>false</bold>
        <text>%3A%20118%20-%20MAR%CDTIMA%20DEL%20CALLAO</text>
      </controlProperties>
    </control>
    <control controlID="80" controlTypeID="com.balsamiq.mockups::Label" x="778" y="523" w="-1" h="-1" measuredW="87" measuredH="25" zOrder="27" locked="false" isInGroup="-1">
      <controlProperties>
        <bold>false</bold>
        <text>%3A%2002/10/2018</text>
      </controlProperties>
    </control>
    <control controlID="81" controlTypeID="com.balsamiq.mockups::Label" x="778" y="548" w="-1" h="-1" measuredW="228" measuredH="25" zOrder="28" locked="false" isInGroup="-1">
      <controlProperties>
        <bold>false</bold>
        <text>%3A%20TURNO%20MA%D1ANA%20%2808%3A00%20-%2013%3A00%29</text>
      </controlProperties>
    </control>
    <control controlID="82" controlTypeID="com.balsamiq.mockups::Label" x="778" y="573" w="-1" h="-1" measuredW="113" measuredH="25" zOrder="29" locked="false" isInGroup="-1">
      <controlProperties>
        <bold>false</bold>
        <text>%3A%20ZONA%20CENTRO</text>
      </controlProperties>
    </control>
    <control controlID="83" controlTypeID="com.balsamiq.mockups::Label" x="778" y="599" w="-1" h="-1" measuredW="151" measuredH="25" zOrder="30" locked="false" isInGroup="-1">
      <controlProperties>
        <bold>false</bold>
        <text>%3A%20ROJO%20EXPORTACI%D3N</text>
      </controlProperties>
    </control>
    <control controlID="84" controlTypeID="com.balsamiq.mockups::Label" x="778" y="624" w="-1" h="-1" measuredW="21" measuredH="25" zOrder="31" locked="false" isInGroup="-1">
      <controlProperties>
        <bold>false</bold>
        <text>%3A%205</text>
      </controlProperties>
    </control>
    <control controlID="85" controlTypeID="com.balsamiq.mockups::Canvas" x="509" y="649" w="943" h="34" measuredW="100" measuredH="70" zOrder="32" locked="false" isInGroup="-1">
      <controlProperties>
        <color>15658734</color>
      </controlProperties>
    </control>
    <control controlID="86" controlTypeID="com.balsamiq.mockups::DataGrid" x="509" y="679" w="943" h="180" measuredW="773" measuredH="178" zOrder="33" locked="false" isInGroup="-1">
      <controlProperties>
        <text>Unidad%20de%20selecci%F3n%2C%20N%B0%20parcial%2CTipo%20de%20unidad%2C%20Exportador%2C%20Direcci%F3n%0A118-2018-10-113881%2C1%2CPARCIAL%2CALSA%2CAV.%20N%C9STOR%20GAMBETTA%20CUADRA%2047%20CALLAO%0A118-2018-10-114882%2C%2CDUA%2CALSA%2CAV.%20N%C9STOR%20GAMBETTA%20CUADRA%2047%20CALLAO%0A118-2018-10-115883%2C%2CDUA%2CALSA%2CAV.%20N%C9STOR%20GAMBETTA%20CUADRA%2047%20CALLAO%0ACAXU3286923%2C%2CCONTENEDOR%2CIMUDESA%2CAV.%20N%C9STOR%20GAMBETTA%20N%B05502%20CALLAO%0A118-2018-10-127885%2C%2CDUA%2CIMUDESA%2CAV.%20N%C9STOR%20GAMBETTA%20N%B05502%20CALLAO</text>
      </controlProperties>
    </control>
    <control controlID="87" controlTypeID="com.balsamiq.mockups::Label" x="516" y="653" w="355" h="25" measuredW="257" measuredH="25" zOrder="34" locked="false" isInGroup="-1">
      <controlProperties>
        <align>left</align>
        <color>0</color>
        <text>7281%20GARC%CDA%20ALVAREZ%2C%20JEAN%20PIERRE</text>
      </controlProperties>
    </control>
  </controls>
</mockup>