<mockup version="1.0" skin="sketch" measuredW="1224" measuredH="488" mockupW="886" mockupH="446">
  <controls>
    <control controlID="0" controlTypeID="com.balsamiq.mockups::Canvas" x="328" y="32" w="886" h="446" measuredW="100" measuredH="70" zOrder="0" locked="false" isInGroup="-1"/>
    <control controlID="1" controlTypeID="com.balsamiq.mockups::Canvas" x="328" y="32" w="886" h="31" measuredW="100" measuredH="70" zOrder="1" locked="false" isInGroup="-1">
      <controlProperties>
        <color>545684</color>
      </controlProperties>
    </control>
    <control controlID="2" controlTypeID="com.balsamiq.mockups::Label" x="328" y="38" w="886" h="25" measuredW="268" measuredH="25" zOrder="2" locked="false" isInGroup="-1">
      <controlProperties>
        <align>center</align>
        <color>16777215</color>
        <text>REPORTE%20DE%20ASIGNACI%D3N%20EN%20BLOQUE</text>
      </controlProperties>
    </control>
    <control controlID="3" controlTypeID="com.balsamiq.mockups::Label" x="355" y="121" w="148" h="25" measuredW="57" measuredH="25" zOrder="3" locked="false" isInGroup="-1">
      <controlProperties>
        <text>Aduana%3A</text>
      </controlProperties>
    </control>
    <control controlID="5" controlTypeID="com.balsamiq.mockups::ComboBox" x="503" y="120" w="265" h="-1" measuredW="190" measuredH="25" zOrder="4" locked="false" isInGroup="-1">
      <controlProperties>
        <state>disabled</state>
        <text>118%20-%20Mar%EDtima%20el%20Callao</text>
      </controlProperties>
    </control>
    <control controlID="7" controlTypeID="com.balsamiq.mockups::Button" x="766" y="435" w="-1" h="-1" measuredW="82" measuredH="28" zOrder="5" locked="false" isInGroup="-1">
      <controlProperties>
        <text>Consultar</text>
      </controlProperties>
    </control>
    <control controlID="8" controlTypeID="com.balsamiq.mockups::Label" x="355" y="173" w="148" h="25" measuredW="137" measuredH="25" zOrder="6" locked="false" isInGroup="-1">
      <controlProperties>
        <text>Unidad%20de%20despacho%3A</text>
      </controlProperties>
    </control>
    <control controlID="9" controlTypeID="com.balsamiq.mockups::ComboBox" x="503" y="172" w="265" h="-1" measuredW="235" measuredH="25" zOrder="7" locked="false" isInGroup="-1">
      <controlProperties>
        <text>Exportaci%F3n%20definitiva%20y%20temporal</text>
      </controlProperties>
    </control>
    <control controlID="10" controlTypeID="com.balsamiq.mockups::Label" x="355" y="275" w="148" h="25" measuredW="46" measuredH="25" zOrder="8" locked="false" isInGroup="-1">
      <controlProperties>
        <text>Turno%3A</text>
      </controlProperties>
    </control>
    <control controlID="11" controlTypeID="com.balsamiq.mockups::ComboBox" x="503" y="274" w="265" h="-1" measuredW="222" measuredH="25" zOrder="9" locked="false" isInGroup="-1">
      <controlProperties>
        <text>Turno%20ma%F1ana%20-%2008%3A00%20%2013%3A59</text>
      </controlProperties>
    </control>
    <control controlID="12" controlTypeID="com.balsamiq.mockups::Label" x="355" y="70" w="148" h="25" measuredW="129" measuredH="25" zOrder="10" locked="false" isInGroup="-1">
      <controlProperties>
        <text>Fecha%3A%2001/01/2018</text>
      </controlProperties>
    </control>
    <control controlID="13" controlTypeID="com.balsamiq.mockups::Label" x="355" y="95" w="148" h="25" measuredW="107" measuredH="25" zOrder="11" locked="false" isInGroup="-1">
      <controlProperties>
        <text>Hora%3A%2008%3A30%3A15</text>
      </controlProperties>
    </control>
    <control controlID="14" controlTypeID="com.balsamiq.mockups::Label" x="355" y="147" w="148" h="25" measuredW="102" measuredH="25" zOrder="12" locked="false" isInGroup="-1">
      <controlProperties>
        <text>Vigente%20desde%3A</text>
      </controlProperties>
    </control>
    <control controlID="15" controlTypeID="com.balsamiq.mockups::DateChooser" x="503" y="146" w="142" h="-1" measuredW="150" measuredH="29" zOrder="13" locked="false" isInGroup="-1">
      <controlProperties>
        <text>01/09/2018%20%20%20%20</text>
      </controlProperties>
    </control>
    <control controlID="16" controlTypeID="com.balsamiq.mockups::Label" x="768" y="145" w="148" h="25" measuredW="98" measuredH="25" zOrder="14" locked="false" isInGroup="-1">
      <controlProperties>
        <text>Vigente%20hasta%3A</text>
      </controlProperties>
    </control>
    <control controlID="17" controlTypeID="com.balsamiq.mockups::DateChooser" x="916" y="144" w="142" h="-1" measuredW="150" measuredH="29" zOrder="15" locked="false" isInGroup="-1">
      <controlProperties>
        <text>01/09/2018%20%20%20%20</text>
      </controlProperties>
    </control>
    <control controlID="18" controlTypeID="com.balsamiq.mockups::Label" x="355" y="199" w="148" h="25" measuredW="53" measuredH="25" zOrder="16" locked="false" isInGroup="-1">
      <controlProperties>
        <text>%C1nfora%3A</text>
      </controlProperties>
    </control>
    <control controlID="19" controlTypeID="com.balsamiq.mockups::ComboBox" x="503" y="198" w="265" h="-1" measuredW="196" measuredH="25" zOrder="17" locked="false" isInGroup="-1">
      <controlProperties>
        <text>%C1fora%20de%20canal%20rojo%20salida</text>
      </controlProperties>
    </control>
    <control controlID="20" controlTypeID="com.balsamiq.mockups::FieldSet" x="349" y="358" w="832" h="66" measuredW="200" measuredH="170" zOrder="18" locked="false" isInGroup="-1">
      <controlProperties>
        <text>Funcionario</text>
      </controlProperties>
    </control>
    <control controlID="21" controlTypeID="com.balsamiq.mockups::Label" x="364" y="384" w="62" h="25" measuredW="63" measuredH="25" zOrder="19" locked="false" isInGroup="-1">
      <controlProperties>
        <text>Registro%3A</text>
      </controlProperties>
    </control>
    <control controlID="22" controlTypeID="com.balsamiq.mockups::TextInput" x="426" y="382" w="57" h="-1" measuredW="79" measuredH="29" zOrder="20" locked="false" isInGroup="-1">
      <controlProperties>
        <text/>
      </controlProperties>
    </control>
    <control controlID="23" controlTypeID="com.balsamiq.mockups::Label" x="497" y="384" w="148" h="25" measuredW="137" measuredH="25" zOrder="21" locked="false" isInGroup="-1">
      <controlProperties>
        <text>Apellidos%20y%20nombres%3A</text>
      </controlProperties>
    </control>
    <control controlID="24" controlTypeID="com.balsamiq.mockups::TextInput" x="639" y="382" w="519" h="-1" measuredW="79" measuredH="29" zOrder="22" locked="false" isInGroup="-1">
      <controlProperties>
        <text/>
      </controlProperties>
    </control>
    <control controlID="26" controlTypeID="com.balsamiq.mockups::Button" x="684" y="435" w="-1" h="-1" measuredW="78" measuredH="28" zOrder="23" locked="false" isInGroup="-1">
      <controlProperties>
        <text>Cancelar</text>
      </controlProperties>
    </control>
    <control controlID="31" controlTypeID="com.balsamiq.mockups::Label" x="355" y="224" w="148" h="25" measuredW="36" measuredH="25" zOrder="24" locked="false" isInGroup="-1">
      <controlProperties>
        <text>Tipo%3A</text>
      </controlProperties>
    </control>
    <control controlID="32" controlTypeID="com.balsamiq.mockups::RadioButton" x="503" y="225" w="-1" h="-1" measuredW="100" measuredH="22" zOrder="25" locked="false" isInGroup="-1">
      <controlProperties>
        <state>selected</state>
        <text>Por%20cantidad</text>
      </controlProperties>
    </control>
    <control controlID="33" controlTypeID="com.balsamiq.mockups::RadioButton" x="679" y="225" w="-1" h="-1" measuredW="80" measuredH="22" zOrder="26" locked="false" isInGroup="-1">
      <controlProperties>
        <text>Por%20turno</text>
      </controlProperties>
    </control>
    <control controlID="34" controlTypeID="com.balsamiq.mockups::Label" x="355" y="250" w="148" h="25" measuredW="59" measuredH="25" zOrder="27" locked="false" isInGroup="-1">
      <controlProperties>
        <text>Horario%3A</text>
      </controlProperties>
    </control>
    <control controlID="35" controlTypeID="com.balsamiq.mockups::ComboBox" x="503" y="249" w="265" h="-1" measuredW="94" measuredH="25" zOrder="28" locked="false" isInGroup="-1">
      <controlProperties>
        <text>Horario%201</text>
      </controlProperties>
    </control>
    <control controlID="36" controlTypeID="com.balsamiq.mockups::Label" x="355" y="301" w="148" h="25" measuredW="35" measuredH="25" zOrder="29" locked="false" isInGroup="-1">
      <controlProperties>
        <text>Zona</text>
      </controlProperties>
    </control>
    <control controlID="37" controlTypeID="com.balsamiq.mockups::ComboBox" x="503" y="300" w="265" h="-1" measuredW="104" measuredH="25" zOrder="30" locked="false" isInGroup="-1">
      <controlProperties>
        <text>Zona%20Norte</text>
      </controlProperties>
    </control>
    <control controlID="41" controlTypeID="com.balsamiq.mockups::Label" x="355" y="326" w="148" h="25" measuredW="142" measuredH="25" zOrder="31" locked="false" isInGroup="-1">
      <controlProperties>
        <text>Funcionario%20aduanero%3A</text>
      </controlProperties>
    </control>
    <control controlID="42" controlTypeID="com.balsamiq.mockups::RadioButton" x="503" y="327" w="-1" h="-1" measuredW="227" measuredH="22" zOrder="32" locked="false" isInGroup="-1">
      <controlProperties>
        <state>selected</state>
        <text>Todos%20los%20funcionarios%20aduaneros</text>
      </controlProperties>
    </control>
    <control controlID="43" controlTypeID="com.balsamiq.mockups::RadioButton" x="745" y="327" w="-1" h="-1" measuredW="175" measuredH="22" zOrder="33" locked="false" isInGroup="-1">
      <controlProperties>
        <text>Por%20funcionario%20aduanero</text>
      </controlProperties>
    </control>
  </controls>
</mockup>