<mockup version="1.0" skin="sketch" measuredW="1486" measuredH="1193" mockupW="985" mockupH="1152">
  <controls>
    <control controlID="0" controlTypeID="com.balsamiq.mockups::Label" x="491" y="35" w="985" h="25" measuredW="268" measuredH="25" zOrder="2" locked="false" isInGroup="-1">
      <controlProperties>
        <align>center</align>
        <color>16777215</color>
        <text>REPORTE%20DE%20ASIGNACI%D3N%20EN%20BLOQUE</text>
      </controlProperties>
    </control>
    <control controlID="1" controlTypeID="com.balsamiq.mockups::Canvas" x="491" y="31" w="985" h="34" measuredW="100" measuredH="70" zOrder="1" locked="false" isInGroup="-1">
      <controlProperties>
        <color>545684</color>
      </controlProperties>
    </control>
    <control controlID="2" controlTypeID="com.balsamiq.mockups::Label" x="509" y="76" w="-1" h="-1" measuredW="64" measuredH="25" zOrder="3" locked="false" isInGroup="-1">
      <controlProperties>
        <bold>true</bold>
        <text>ADUANA</text>
      </controlProperties>
    </control>
    <control controlID="3" controlTypeID="com.balsamiq.mockups::Label" x="509" y="101" w="-1" h="-1" measuredW="170" measuredH="25" zOrder="4" locked="false" isInGroup="-1">
      <controlProperties>
        <bold>true</bold>
        <text>FECHA%20DE%20ASIGNACI%D3N</text>
      </controlProperties>
    </control>
    <control controlID="4" controlTypeID="com.balsamiq.mockups::Label" x="509" y="126" w="-1" h="-1" measuredW="61" measuredH="25" zOrder="5" locked="false" isInGroup="-1">
      <controlProperties>
        <bold>true</bold>
        <text>SORTEO</text>
      </controlProperties>
    </control>
    <control controlID="5" controlTypeID="com.balsamiq.mockups::Label" x="509" y="151" w="-1" h="-1" measuredW="129" measuredH="25" zOrder="6" locked="false" isInGroup="-1">
      <controlProperties>
        <bold>true</bold>
        <text>HORA%20DE%20SORTEO</text>
      </controlProperties>
    </control>
    <control controlID="8" controlTypeID="com.balsamiq.mockups::Label" x="509" y="177" w="-1" h="-1" measuredW="63" measuredH="25" zOrder="7" locked="false" isInGroup="-1">
      <controlProperties>
        <bold>true</bold>
        <text>%C1NFORA</text>
      </controlProperties>
    </control>
    <control controlID="9" controlTypeID="com.balsamiq.mockups::Label" x="509" y="202" w="-1" h="-1" measuredW="151" measuredH="25" zOrder="8" locked="false" isInGroup="-1">
      <controlProperties>
        <bold>true</bold>
        <text>TOTAL%20DE%20PAQUETES</text>
      </controlProperties>
    </control>
    <control controlID="10" controlTypeID="com.balsamiq.mockups::Label" x="509" y="227" w="-1" h="-1" measuredW="269" measuredH="25" zOrder="9" locked="false" isInGroup="-1">
      <controlProperties>
        <bold>true</bold>
        <text>TOTAL%20DE%20CARGA%20LABORAL%20ASIGNADA</text>
      </controlProperties>
    </control>
    <control controlID="11" controlTypeID="com.balsamiq.mockups::Label" x="778" y="76" w="-1" h="-1" measuredW="203" measuredH="25" zOrder="10" locked="false" isInGroup="-1">
      <controlProperties>
        <bold>false</bold>
        <text>%3A%20118%20-%20MAR%CDTIMA%20DEL%20CALLAO</text>
      </controlProperties>
    </control>
    <control controlID="12" controlTypeID="com.balsamiq.mockups::Label" x="778" y="101" w="-1" h="-1" measuredW="87" measuredH="25" zOrder="11" locked="false" isInGroup="-1">
      <controlProperties>
        <bold>false</bold>
        <text>%3A%2002/10/2018</text>
      </controlProperties>
    </control>
    <control controlID="13" controlTypeID="com.balsamiq.mockups::Label" x="778" y="126" w="-1" h="-1" measuredW="78" measuredH="25" zOrder="12" locked="false" isInGroup="-1">
      <controlProperties>
        <bold>false</bold>
        <text>%3A%20SORTEO%201</text>
      </controlProperties>
    </control>
    <control controlID="14" controlTypeID="com.balsamiq.mockups::Label" x="778" y="151" w="-1" h="-1" measuredW="70" measuredH="25" zOrder="13" locked="false" isInGroup="-1">
      <controlProperties>
        <bold>false</bold>
        <text>%3A%2008%3A00%3A00</text>
      </controlProperties>
    </control>
    <control controlID="17" controlTypeID="com.balsamiq.mockups::Label" x="778" y="177" w="-1" h="-1" measuredW="148" measuredH="25" zOrder="14" locked="false" isInGroup="-1">
      <controlProperties>
        <bold>false</bold>
        <text>%3A%20ROJO%20EXCEPCIONAL</text>
      </controlProperties>
    </control>
    <control controlID="18" controlTypeID="com.balsamiq.mockups::Label" x="778" y="202" w="-1" h="-1" measuredW="25" measuredH="25" zOrder="15" locked="false" isInGroup="-1">
      <controlProperties>
        <bold>false</bold>
        <text>%3A%2011</text>
      </controlProperties>
    </control>
    <control controlID="19" controlTypeID="com.balsamiq.mockups::Label" x="778" y="227" w="-1" h="-1" measuredW="37" measuredH="25" zOrder="16" locked="false" isInGroup="-1">
      <controlProperties>
        <bold>false</bold>
        <text>%3A%20320</text>
      </controlProperties>
    </control>
    <control controlID="20" controlTypeID="com.balsamiq.mockups::Canvas" x="491" y="60" w="985" h="1123" measuredW="100" measuredH="70" zOrder="0" locked="false" isInGroup="-1"/>
    <control controlID="21" controlTypeID="com.balsamiq.mockups::Label" x="515" y="262" w="93" h="25" measuredW="81" measuredH="25" zOrder="18" locked="false" isInGroup="-1">
      <controlProperties>
        <align>left</align>
        <color>0</color>
        <text>PAQUETE%201</text>
      </controlProperties>
    </control>
    <control controlID="22" controlTypeID="com.balsamiq.mockups::Canvas" x="509" y="258" w="106" h="34" measuredW="100" measuredH="70" zOrder="17" locked="false" isInGroup="-1">
      <controlProperties>
        <color>15658734</color>
      </controlProperties>
    </control>
    <control controlID="23" controlTypeID="com.balsamiq.mockups::Canvas" x="612" y="257" w="350" h="34" measuredW="100" measuredH="70" zOrder="19" locked="false" isInGroup="-1">
      <controlProperties>
        <color>15658734</color>
      </controlProperties>
    </control>
    <control controlID="24" controlTypeID="com.balsamiq.mockups::Canvas" x="960" y="257" w="162" h="34" measuredW="100" measuredH="70" zOrder="20" locked="false" isInGroup="-1">
      <controlProperties>
        <color>15658734</color>
      </controlProperties>
    </control>
    <control controlID="25" controlTypeID="com.balsamiq.mockups::Label" x="963" y="261" w="115" h="25" measuredW="116" measuredH="25" zOrder="21" locked="false" isInGroup="-1">
      <controlProperties>
        <align>left</align>
        <color>0</color>
        <text>COORDINACI%D3N</text>
      </controlProperties>
    </control>
    <control controlID="26" controlTypeID="com.balsamiq.mockups::Canvas" x="1120" y="257" w="332" h="34" measuredW="100" measuredH="70" zOrder="22" locked="false" isInGroup="-1">
      <controlProperties>
        <color>15658734</color>
      </controlProperties>
    </control>
    <control controlID="27" controlTypeID="com.balsamiq.mockups::DataGrid" x="509" y="287" w="943" h="180" measuredW="946" measuredH="178" zOrder="23" locked="false" isInGroup="-1">
      <controlProperties>
        <text>Declaraci%F3n%2C%20Carga%20laboral%2C%20Almac%E9n%20aduanero%2C%20Direcci%F3n%2C%20Importador%20OEA%2C%20Garant%EDa%20160%B0%0A118-2018-10-123881%2C3%2CALSA%2CAV.%20N%C9STOR%20GAMBETTA%20CUADRA%2047%20CALLAO%2C%2CS%CD%0A118-2018-10-124882%2C3%2CALSA%2CAV.%20N%C9STOR%20GAMBETTA%20CUADRA%2047%20CALLAO%2C%2C%0A118-2018-10-125883%2C2%2CALSA%2CAV.%20N%C9STOR%20GAMBETTA%20CUADRA%2047%20CALLAO%2CS%CD%2C%0A118-2018-10-126884%2C5%2CIMUDESA%2CAV.%20N%C9STOR%20GAMBETTA%20N%B05502%20CALLAO%2CS%CD%2C%0A118-2018-10-127885%2C2%2CIMUDESA%2CAV.%20N%C9STOR%20GAMBETTA%20N%B05502%20CALLAO%2C%2C</text>
      </controlProperties>
    </control>
    <control controlID="28" controlTypeID="com.balsamiq.mockups::Label" x="615" y="261" w="339" h="25" measuredW="257" measuredH="25" zOrder="24" locked="false" isInGroup="-1">
      <controlProperties>
        <align>left</align>
        <color>0</color>
        <text>7281%20GARC%CDA%20ALVAREZ%2C%20JEAN%20PIERRE</text>
      </controlProperties>
    </control>
    <control controlID="29" controlTypeID="com.balsamiq.mockups::Label" x="1122" y="261" w="115" h="25" measuredW="41" measuredH="25" zOrder="25" locked="false" isInGroup="-1">
      <controlProperties>
        <align>left</align>
        <color>0</color>
        <text>ALSA</text>
      </controlProperties>
    </control>
    <control controlID="30" controlTypeID="com.balsamiq.mockups::Canvas" x="508" y="479" w="106" h="34" measuredW="100" measuredH="70" zOrder="26" locked="false" isInGroup="-1">
      <controlProperties>
        <color>15658734</color>
      </controlProperties>
    </control>
    <control controlID="31" controlTypeID="com.balsamiq.mockups::Label" x="514" y="483" w="93" h="25" measuredW="82" measuredH="25" zOrder="27" locked="false" isInGroup="-1">
      <controlProperties>
        <align>left</align>
        <color>0</color>
        <text>PAQUETE%202</text>
      </controlProperties>
    </control>
    <control controlID="32" controlTypeID="com.balsamiq.mockups::Canvas" x="611" y="478" w="350" h="34" measuredW="100" measuredH="70" zOrder="28" locked="false" isInGroup="-1">
      <controlProperties>
        <color>15658734</color>
      </controlProperties>
    </control>
    <control controlID="33" controlTypeID="com.balsamiq.mockups::Canvas" x="959" y="478" w="162" h="34" measuredW="100" measuredH="70" zOrder="29" locked="false" isInGroup="-1">
      <controlProperties>
        <color>15658734</color>
      </controlProperties>
    </control>
    <control controlID="34" controlTypeID="com.balsamiq.mockups::Label" x="962" y="482" w="115" h="25" measuredW="116" measuredH="25" zOrder="30" locked="false" isInGroup="-1">
      <controlProperties>
        <align>left</align>
        <color>0</color>
        <text>COORDINACI%D3N</text>
      </controlProperties>
    </control>
    <control controlID="35" controlTypeID="com.balsamiq.mockups::Canvas" x="1119" y="478" w="332" h="34" measuredW="100" measuredH="70" zOrder="31" locked="false" isInGroup="-1">
      <controlProperties>
        <color>15658734</color>
      </controlProperties>
    </control>
    <control controlID="36" controlTypeID="com.balsamiq.mockups::DataGrid" x="508" y="508" w="943" h="180" measuredW="947" measuredH="178" zOrder="32" locked="false" isInGroup="-1">
      <controlProperties>
        <text>Declaraci%F3n%2C%20Carga%20laboral%2C%20Almac%E9n%20aduanero%2C%20Direcci%F3n%2C%20Importador%20OEA%2C%20Garant%EDa%20160%B0%0A118-2018-10-223681%2C1%2CALSA%2CAV.%20N%C9STOR%20GAMBETTA%20CUADRA%2047%20CALLAO%2C%2C%0A118-2018-10-224682%2C4%2CALSA%2CAV.%20N%C9STOR%20GAMBETTA%20CUADRA%2047%20CALLAO%2C%2CS%CD%0A118-2018-10-225683%2C4%2CALSA%2CAV.%20N%C9STOR%20GAMBETTA%20CUADRA%2047%20CALLAO%2CS%CD%2C%0A118-2018-10-226684%2C3%2CIMUDESA%2CAV.%20N%C9STOR%20GAMBETTA%20N%B05502%20CALLAO%2C%2C%0A118-2018-10-227685%2C3%2CIMUDESA%2CAV.%20N%C9STOR%20GAMBETTA%20N%B05502%20CALLAO%2CS%CD%2C</text>
      </controlProperties>
    </control>
    <control controlID="37" controlTypeID="com.balsamiq.mockups::Label" x="614" y="482" w="339" h="25" measuredW="291" measuredH="25" zOrder="33" locked="false" isInGroup="-1">
      <controlProperties>
        <align>left</align>
        <color>0</color>
        <text>8921%20VIVAR%20RODR%CDGUEZ%2C%20YEISSON%20KEVIN</text>
      </controlProperties>
    </control>
    <control controlID="38" controlTypeID="com.balsamiq.mockups::Label" x="1121" y="482" w="115" h="25" measuredW="41" measuredH="25" zOrder="34" locked="false" isInGroup="-1">
      <controlProperties>
        <align>left</align>
        <color>0</color>
        <text>ALSA</text>
      </controlProperties>
    </control>
    <control controlID="39" controlTypeID="com.balsamiq.mockups::Label" x="1298" y="703" w="148" h="25" measuredW="148" measuredH="25" zOrder="35" locked="false" isInGroup="-1">
      <controlProperties>
        <align>left</align>
        <color>0</color>
        <text>%3CSALTO%20DE%20P%C1GINA%3E</text>
      </controlProperties>
    </control>
    <control controlID="40" controlTypeID="com.balsamiq.mockups::Label" x="510" y="760" w="-1" h="-1" measuredW="64" measuredH="25" zOrder="36" locked="false" isInGroup="-1">
      <controlProperties>
        <bold>true</bold>
        <text>ADUANA</text>
      </controlProperties>
    </control>
    <control controlID="41" controlTypeID="com.balsamiq.mockups::Label" x="510" y="785" w="-1" h="-1" measuredW="170" measuredH="25" zOrder="37" locked="false" isInGroup="-1">
      <controlProperties>
        <bold>true</bold>
        <text>FECHA%20DE%20ASIGNACI%D3N</text>
      </controlProperties>
    </control>
    <control controlID="42" controlTypeID="com.balsamiq.mockups::Label" x="510" y="810" w="-1" h="-1" measuredW="61" measuredH="25" zOrder="38" locked="false" isInGroup="-1">
      <controlProperties>
        <bold>true</bold>
        <text>SORTEO</text>
      </controlProperties>
    </control>
    <control controlID="43" controlTypeID="com.balsamiq.mockups::Label" x="510" y="835" w="-1" h="-1" measuredW="129" measuredH="25" zOrder="39" locked="false" isInGroup="-1">
      <controlProperties>
        <bold>true</bold>
        <text>HORA%20DE%20SORTEO</text>
      </controlProperties>
    </control>
    <control controlID="44" controlTypeID="com.balsamiq.mockups::Label" x="510" y="861" w="-1" h="-1" measuredW="63" measuredH="25" zOrder="40" locked="false" isInGroup="-1">
      <controlProperties>
        <bold>true</bold>
        <text>%C1NFORA</text>
      </controlProperties>
    </control>
    <control controlID="45" controlTypeID="com.balsamiq.mockups::Label" x="510" y="886" w="-1" h="-1" measuredW="151" measuredH="25" zOrder="41" locked="false" isInGroup="-1">
      <controlProperties>
        <bold>true</bold>
        <text>TOTAL%20DE%20PAQUETES</text>
      </controlProperties>
    </control>
    <control controlID="46" controlTypeID="com.balsamiq.mockups::Label" x="510" y="911" w="-1" h="-1" measuredW="269" measuredH="25" zOrder="42" locked="false" isInGroup="-1">
      <controlProperties>
        <bold>true</bold>
        <text>TOTAL%20DE%20CARGA%20LABORAL%20ASIGNADA</text>
      </controlProperties>
    </control>
    <control controlID="47" controlTypeID="com.balsamiq.mockups::Label" x="779" y="760" w="-1" h="-1" measuredW="203" measuredH="25" zOrder="43" locked="false" isInGroup="-1">
      <controlProperties>
        <bold>false</bold>
        <text>%3A%20118%20-%20MAR%CDTIMA%20DEL%20CALLAO</text>
      </controlProperties>
    </control>
    <control controlID="48" controlTypeID="com.balsamiq.mockups::Label" x="779" y="785" w="-1" h="-1" measuredW="87" measuredH="25" zOrder="44" locked="false" isInGroup="-1">
      <controlProperties>
        <bold>false</bold>
        <text>%3A%2002/10/2018</text>
      </controlProperties>
    </control>
    <control controlID="49" controlTypeID="com.balsamiq.mockups::Label" x="779" y="810" w="-1" h="-1" measuredW="82" measuredH="25" zOrder="45" locked="false" isInGroup="-1">
      <controlProperties>
        <bold>false</bold>
        <text>%3A%20SORTEO%202</text>
      </controlProperties>
    </control>
    <control controlID="50" controlTypeID="com.balsamiq.mockups::Label" x="779" y="835" w="-1" h="-1" measuredW="70" measuredH="25" zOrder="46" locked="false" isInGroup="-1">
      <controlProperties>
        <bold>false</bold>
        <text>%3A%2008%3A00%3A00</text>
      </controlProperties>
    </control>
    <control controlID="51" controlTypeID="com.balsamiq.mockups::Label" x="779" y="861" w="-1" h="-1" measuredW="148" measuredH="25" zOrder="47" locked="false" isInGroup="-1">
      <controlProperties>
        <bold>false</bold>
        <text>%3A%20ROJO%20EXCEPCIONAL</text>
      </controlProperties>
    </control>
    <control controlID="52" controlTypeID="com.balsamiq.mockups::Label" x="779" y="886" w="-1" h="-1" measuredW="22" measuredH="25" zOrder="48" locked="false" isInGroup="-1">
      <controlProperties>
        <bold>false</bold>
        <text>%3A%203</text>
      </controlProperties>
    </control>
    <control controlID="53" controlTypeID="com.balsamiq.mockups::Label" x="779" y="911" w="-1" h="-1" measuredW="32" measuredH="25" zOrder="49" locked="false" isInGroup="-1">
      <controlProperties>
        <bold>false</bold>
        <text>%3A%20110</text>
      </controlProperties>
    </control>
    <control controlID="54" controlTypeID="com.balsamiq.mockups::Canvas" x="510" y="942" w="106" h="34" measuredW="100" measuredH="70" zOrder="50" locked="false" isInGroup="-1">
      <controlProperties>
        <color>15658734</color>
      </controlProperties>
    </control>
    <control controlID="55" controlTypeID="com.balsamiq.mockups::Label" x="516" y="946" w="93" h="25" measuredW="82" measuredH="25" zOrder="51" locked="false" isInGroup="-1">
      <controlProperties>
        <align>left</align>
        <color>0</color>
        <text>PAQUETE%201</text>
      </controlProperties>
    </control>
    <control controlID="56" controlTypeID="com.balsamiq.mockups::Canvas" x="613" y="941" w="350" h="34" measuredW="100" measuredH="70" zOrder="52" locked="false" isInGroup="-1">
      <controlProperties>
        <color>15658734</color>
      </controlProperties>
    </control>
    <control controlID="57" controlTypeID="com.balsamiq.mockups::Canvas" x="961" y="941" w="162" h="34" measuredW="100" measuredH="70" zOrder="53" locked="false" isInGroup="-1">
      <controlProperties>
        <color>15658734</color>
      </controlProperties>
    </control>
    <control controlID="58" controlTypeID="com.balsamiq.mockups::Label" x="964" y="945" w="115" h="25" measuredW="116" measuredH="25" zOrder="54" locked="false" isInGroup="-1">
      <controlProperties>
        <align>left</align>
        <color>0</color>
        <text>COORDINACI%D3N</text>
      </controlProperties>
    </control>
    <control controlID="59" controlTypeID="com.balsamiq.mockups::Canvas" x="1121" y="941" w="332" h="34" measuredW="100" measuredH="70" zOrder="55" locked="false" isInGroup="-1">
      <controlProperties>
        <color>15658734</color>
      </controlProperties>
    </control>
    <control controlID="60" controlTypeID="com.balsamiq.mockups::DataGrid" x="510" y="971" w="943" h="180" measuredW="946" measuredH="178" zOrder="56" locked="false" isInGroup="-1">
      <controlProperties>
        <text>Declaraci%F3n%2C%20Carga%20laboral%2C%20Almac%E9n%20aduanero%2C%20Direcci%F3n%2C%20Importador%20OEA%2C%20Garant%EDa%20160%B0%0A118-2018-10-123881%2C3%2CALSA%2CAV.%20N%C9STOR%20GAMBETTA%20CUADRA%2047%20CALLAO%2C%2CS%CD%0A118-2018-10-124882%2C3%2CALSA%2CAV.%20N%C9STOR%20GAMBETTA%20CUADRA%2047%20CALLAO%2C%2C%0A118-2018-10-125883%2C2%2CALSA%2CAV.%20N%C9STOR%20GAMBETTA%20CUADRA%2047%20CALLAO%2CS%CD%2C%0A118-2018-10-126884%2C5%2CIMUDESA%2CAV.%20N%C9STOR%20GAMBETTA%20N%B05502%20CALLAO%2CS%CD%2C%0A118-2018-10-127885%2C2%2CIMUDESA%2CAV.%20N%C9STOR%20GAMBETTA%20N%B05502%20CALLAO%2C%2C</text>
      </controlProperties>
    </control>
    <control controlID="61" controlTypeID="com.balsamiq.mockups::Label" x="616" y="945" w="339" h="25" measuredW="257" measuredH="25" zOrder="57" locked="false" isInGroup="-1">
      <controlProperties>
        <align>left</align>
        <color>0</color>
        <text>3214%20GARC%CDA%20ALVAREZ%2C%20JEAN%20PIERRE</text>
      </controlProperties>
    </control>
    <control controlID="62" controlTypeID="com.balsamiq.mockups::Label" x="1123" y="945" w="115" h="25" measuredW="41" measuredH="25" zOrder="58" locked="false" isInGroup="-1">
      <controlProperties>
        <align>left</align>
        <color>0</color>
        <text>ALSA</text>
      </controlProperties>
    </control>
    <control controlID="72" controlTypeID="com.balsamiq.mockups::HRule" x="509" y="735" w="935" h="-1" measuredW="100" measuredH="5" zOrder="59" locked="false" isInGroup="-1"/>
  </controls>
</mockup>