<mockup version="1.0" skin="sketch" measuredW="1139" measuredH="294" mockupW="515" mockupH="252">
  <controls>
    <control controlID="0" controlTypeID="com.balsamiq.mockups::Canvas" x="614" y="32" w="515" h="252" measuredW="100" measuredH="70" zOrder="0" locked="false" isInGroup="-1"/>
    <control controlID="1" controlTypeID="com.balsamiq.mockups::Canvas" x="614" y="32" w="515" h="31" measuredW="100" measuredH="70" zOrder="1" locked="false" isInGroup="-1">
      <controlProperties>
        <color>545684</color>
      </controlProperties>
    </control>
    <control controlID="2" controlTypeID="com.balsamiq.mockups::Label" x="614" y="38" w="515" h="25" measuredW="114" measuredH="25" zOrder="2" locked="false" isInGroup="-1">
      <controlProperties>
        <align>center</align>
        <color>16777215</color>
        <text>FUNCIONARIOS</text>
      </controlProperties>
    </control>
    <control controlID="3" controlTypeID="com.balsamiq.mockups::Button" x="832" y="241" w="78" h="28" measuredW="95" measuredH="28" zOrder="3" locked="false" isInGroup="-1">
      <controlProperties>
        <text>Seleccionar</text>
      </controlProperties>
    </control>
    <control controlID="4" controlTypeID="com.balsamiq.mockups::DataGrid" x="629" y="81" w="485" h="151" measuredW="461" measuredH="148" zOrder="4" locked="false" isInGroup="-1">
      <controlProperties>
        <text>%20%2CRegistro%2CApellido%20Paterno%2CApellido%20Materno%2CNombres%0A%28x%29%2CQS08%2CTineo%2CSantamaria%2CRonald%20Herliss%0A%28%29%2CQU89%2CAlberti%2CNegron%2CLisney%20Magali%0A%28%29%2CNI28%2CLazaro%2CRamos%2CGerardo%20David%0A%28%29%2CAI97%2CVivar%2CRodriguez%2CYeisson%20Kevin</text>
      </controlProperties>
    </control>
  </controls>
</mockup>